SALE TYPE,SOLD DATE,PROPERTY TYPE,ADDRESS,CITY,STATE OR PROVINCE,ZIP OR POSTAL CODE,PRICE,BEDS,BATHS,LOCATION,SQUARE FEET,LOT SIZE,YEAR BUILT,DAYS ON MARKET,$/SQUARE FEET,HOA/MONTH,STATUS,NEXT OPEN HOUSE START TIME,NEXT OPEN HOUSE END TIME,URL (SEE http://www.redfin.com/buy-a-home/comparative-market-analysis FOR INFO ON PRICING),SOURCE,MLS#,FAVORITE,INTERESTED,LATITUDE,LONGITUDE
MLS Listing,,Condo/Co-op,1433 Page St,San Francisco,CA,94117,1598000,3,2.0,Haight Ashbury,1785,,1908,1,895,250,Active,,,http://www.redfin.com/CA/San-Francisco/1433-Page-St-94117/home/1888503,San Francisco MLS,506455,N,Y,37.771007,-122.444344
MLS Listing,,Condo/Co-op,1370 Hayes St #1372,San Francisco,CA,94117,1498000,4,2.25,North Panhandle,1706,,1900,4,878,286,Active,,,http://www.redfin.com/CA/San-Francisco/1370-Hayes-St-94117/unit-1372/home/148065731,San Francisco MLS,506674,N,Y,37.7751235,-122.4390217
MLS Listing,,Condo/Co-op,355 1st St Unit S208,San Francisco,CA,94105,599000,0,1.0,South Beach,432,,2004,5,1387,746,Active,,,http://www.redfin.com/CA/San-Francisco/355-1st-St-94105/unit-S208/home/939546,San Francisco MLS,506618,N,Y,37.7870311,-122.3936421
MLS Listing,,Condo/Co-op,1856 Franklin St #8,San Francisco,CA,94109,799000,1,1.0,Pacific Heights,719,,1914,9,1111,377,Active,,,http://www.redfin.com/CA/San-Francisco/1856-Franklin-St-94109/unit-8/home/40938618,San Francisco MLS,506314,N,Y,37.7918542,-122.4240487
MLS Listing,,Condo/Co-op,281 Clara St #8,San Francisco,CA,94107,899000,1,1.5,South of Market,989,,1996,9,909,536,Active,,,http://www.redfin.com/CA/San-Francisco/281-Clara-St-94107/unit-8/home/12395879,San Francisco MLS,506265,N,Y,37.7779949,-122.4039648
MLS Listing,,Condo/Co-op,125 Gilbert St #5,San Francisco,CA,94103,849000,1,1.5,South of Market,1035,,1996,11,820,667,Active,,,http://www.redfin.com/CA/San-Francisco/125-Gilbert-St-94103/unit-5/home/12396098,San Francisco MLS,506118,N,Y,37.7730847,-122.4020908
MLS Listing,,Single Family Residential,254 Felton St,SAN FRANCISCO,CA,94134,1298000,5,3.0,SAN FRANCISCO,2354,2500,1981,11,551,,Active,,,http://www.redfin.com/CA/San-Francisco/254-Felton-St-94134/home/1559018,MLSListings,ML81810821,N,Y,37.729507,-122.40751
MLS Listing,,Single Family Residential,1318 Eddy St,San Francisco,CA,94115,1350000,3,2.0,Western Addition,1900,1020,2007,11,711,110,Active,,,http://www.redfin.com/CA/San-Francisco/1318-Eddy-St-94115/home/17306621,San Francisco MLS,505685,N,Y,37.7820466,-122.4296295
MLS Listing,,Condo/Co-op,616 Moraga St #4,San Francisco,CA,94122,795000,1,1.0,Inner Sunset,716,,1958,12,1110,301,Active,,,http://www.redfin.com/CA/San-Francisco/616-Moraga-St-94122/unit-4/home/1563748,San Francisco MLS,505774,N,Y,37.7566516,-122.4694351
MLS Listing,,Condo/Co-op,3701 Divisadero St #305,San Francisco,CA,94123,1049000,1,1.0,Marina,861,,1992,23,1218,580,Active,,,http://www.redfin.com/CA/San-Francisco/3701-Divisadero-St-94123/unit-305/home/990631,San Francisco MLS,504114,N,Y,37.8038437,-122.4439497
MLS Listing,,Condo/Co-op,55 Page St #218,San Francisco,CA,94102,337200,0,1.0,Hayes Valley,448,,2008,25,753,469,Active,,,http://www.redfin.com/CA/San-Francisco/55-Page-St-94102/unit-218/home/17304807,San Francisco MLS,504943,N,Y,37.7738899,-122.4218771
MLS Listing,,Condo/Co-op,55 Page St #617,San Francisco,CA,94102,659000,0,1.0,Hayes Valley,,,2008,25,,558,Active,,,http://www.redfin.com/CA/San-Francisco/55-Page-St-94102/unit-617/home/17306593,San Francisco MLS,504285,N,Y,37.7738899,-122.4218771
MLS Listing,,Condo/Co-op,1083 Clay St #201,San Francisco,CA,94108,960000,1,1.0,Nob Hill,915,,1984,28,1049,774,Active,,,http://www.redfin.com/CA/San-Francisco/1083-Clay-St-94108/unit-201/home/866246,San Francisco MLS,504920,N,Y,37.7935318,-122.4108297
MLS Listing,,Multi-Family (2-4 Unit),216 Lily St,San Francisco,CA,94102,2250000,5,5.0,Hayes Valley,3052,1620,1988,30,737,,Active,,,http://www.redfin.com/CA/San-Francisco/216-Lily-St-94102/home/1349452,San Francisco MLS,504756,N,Y,37.7744201,-122.4246433
MLS Listing,,Condo/Co-op,54 Shotwell St,San Francisco,CA,94103,1498000,3,2.0,Inner Mission,1584,,,31,946,,Active,,,http://www.redfin.com/CA/San-Francisco/54-Shotwell-St-94103/home/12354893,San Francisco MLS,504528,N,Y,37.767577,-122.416934
MLS Listing,,Condo/Co-op,821 Folsom St #314,San Francisco,CA,94107,1039000,2,2.0,Yerba Buena,1105,,2004,31,940,657,Active,,,http://www.redfin.com/CA/San-Francisco/821-Folsom-St-94107/unit-314/home/12401632,San Francisco MLS,504279,N,Y,37.7813849,-122.4013601
MLS Listing,,Condo/Co-op,400 Beale St #508,San Francisco,CA,94105,699000,1,1.0,South Beach,694,,2001,33,1007,863,Active,,,http://www.redfin.com/CA/San-Francisco/400-Beale-St-94105/unit-508/home/12399554,San Francisco MLS,504428,N,Y,37.7869049,-122.3909202
MLS Listing,,Single Family Residential,344 Noe St,San Francisco,CA,94114,2848000,4,3.0,Eureka Valley/Dolore,,3249,1900,36,,,Active,,,http://www.redfin.com/CA/San-Francisco/344-Noe-St-94114/home/708211,San Francisco MLS,504311,N,Y,37.7632795,-122.4333764
MLS Listing,,Condo/Co-op,555 Dolores St,San Francisco,CA,94110,1698000,3,1.5,Mission Dolores,1584,,1912,37,1072,100,Active,,,http://www.redfin.com/CA/San-Francisco/555-Dolores-St-94110/home/12402164,San Francisco MLS,503964,N,Y,37.7605692,-122.4256664
MLS Listing,,Single Family Residential,536 Panorama Dr,San Francisco,CA,94131,1698000,3,3.0,Midtown Terrace,1934,3449,1957,41,878,,Active,,,http://www.redfin.com/CA/San-Francisco/536-Panorama-Dr-94131/home/972943,San Francisco MLS,503800,N,Y,37.7532898,-122.450373
MLS Listing,,Condo/Co-op,69 Summit Way,San Francisco,CA,94132,1575000,3,2.5,Stonestown,2133,,2015,42,738,307,Active,,,http://www.redfin.com/CA/San-Francisco/69-Summit-Way-94132/home/109315227,San Francisco MLS,503919,N,Y,37.7148938,-122.4748004
MLS Listing,,Condo/Co-op,4356 23rd St,San Francisco,CA,94114,1195000,2,1.0,Noe Valley,960,,1906,50,1245,308,Active,,,http://www.redfin.com/CA/San-Francisco/4356-23rd-St-94114/home/1399139,San Francisco MLS,503332,N,Y,37.7527959,-122.43992
MLS Listing,,Condo/Co-op,1998 Broadway #807,San Francisco,CA,94109,1395000,2,2.0,Pacific Heights,1030,,1964,57,1354,1251,Active,,,http://www.redfin.com/CA/San-Francisco/1998-Broadway-94109/unit-807/home/1865773,San Francisco MLS,502830,N,Y,37.7952766,-122.4297868
MLS Listing,,Condo/Co-op,330 Mission Bay Blvd #116,San Francisco,CA,94158,1675000,2,2.0,Mission Bay,1569,,2008,67,1068,1011,Active,,,http://www.redfin.com/CA/San-Francisco/330-Mission-Bay-Blvd-N-94158/unit-116/home/23424492,San Francisco MLS,501809,N,Y,37.771662,-122.3874533
MLS Listing,,Single Family Residential,1461 7th Ave,San Francisco,CA,94122,2275000,4,1.5,Inner Sunset,2050,2996,1922,67,1110,,Active,,,http://www.redfin.com/CA/San-Francisco/1461-7th-Ave-94122/home/634033,San Francisco MLS,501802,N,Y,37.7611141,-122.4641613
MLS Listing,,Condo/Co-op,435 China Basin St #544,San Francisco,CA,94158,1730000,2,2.0,Mission Bay,1372,,2012,73,1261,864,Active,,,http://www.redfin.com/CA/San-Francisco/435-China-Basin-St-94158/unit-544/home/40629363,San Francisco MLS,501363,N,Y,37.7715936,-122.3885893
MLS Listing,,Condo/Co-op,400 Beale St #811,San Francisco,CA,94105,999000,2,2.0,South Beach,990,,2002,79,1009,894,Active,,,http://www.redfin.com/CA/San-Francisco/400-Beale-St-94105/unit-811/home/869767,San Francisco MLS,501330,N,Y,37.7869049,-122.3909202
MLS Listing,,Single Family Residential,817 Guerrero St,San Francisco,CA,94110,2398000,2,2.0,Eureka Valley/Dolore,,2495,1900,143,,,Active,,,http://www.redfin.com/CA/San-Francisco/817-Guerrero-St-94110/home/1711073,San Francisco MLS,497382,N,Y,37.758045,-122.4232997
MLS Listing,,Condo/Co-op,17 Ashbury St #3,San Francisco,CA,94117,898000,2,1.0,North Panhandle,917,,1925,1,979,495,Active,,,http://www.redfin.com/CA/San-Francisco/17-Ashbury-St-94117/unit-3/home/110052244,San Francisco MLS,506803,N,Y,37.7753823,-122.4481959
MLS Listing,,Single Family Residential,1471 41st Ave,San Francisco,CA,94122,1049000,2,2.0,Outer Sunset,1190,3000,1938,1,882,,Active,,,http://www.redfin.com/CA/San-Francisco/1471-41st-Ave-94122/home/1989192,San Francisco MLS,506972,N,Y,37.7593343,-122.5006965
MLS Listing,,Single Family Residential,2 Wawona St,San Francisco,CA,94127,1895000,3,2.0,West Portal,1808,3624,1926,1,1048,,Active,,,http://www.redfin.com/CA/San-Francisco/2-Wawona-St-94127/home/1921990,San Francisco MLS,506611,N,Y,37.7433654,-122.4661625
MLS Listing,,Single Family Residential,42 August Aly,San Francisco,CA,94133,3495000,3,2.5,North Beach,2000,1389,1912,1,1748,,Active,,,http://www.redfin.com/CA/San-Francisco/42-August-Aly-94133/home/1935871,San Francisco MLS,506869,N,Y,37.7997751,-122.4114467
MLS Listing,,Single Family Residential,471 Vernon St,San Francisco,CA,94132,1400500,3,1.0,Merced Heights,1125,2334,1952,1,1245,,Active,,,http://www.redfin.com/CA/San-Francisco/471-Vernon-St-94132/home/1440626,San Francisco MLS,506964,N,Y,37.7209545,-122.4682963
MLS Listing,,Single Family Residential,1332 Greenwich St,San Francisco,CA,94109,6650000,5,5.5,Russian Hill,3690,3491,1895,1,1802,,Active,,,http://www.redfin.com/CA/San-Francisco/1332-Greenwich-St-94109/home/858515,San Francisco MLS,506639,N,Y,37.801038,-122.421733
MLS Listing,,Condo/Co-op,3535 Wawona St #416,San Francisco,CA,94116,990000,1,1.0,Outer Parkside,780,,2020,1,1269,448,Active,,,http://www.redfin.com/CA/San-Francisco/3535-Wawona-St-94116/unit-416/home/173300679,San Francisco MLS,507003,N,Y,37.7360911,-122.5046285
MLS Listing,,Condo/Co-op,3535 Wawona St #435,San Francisco,CA,94116,1498000,2,2.0,Outer Parkside,1020,,2020,1,1469,546,Active,,,http://www.redfin.com/CA/San-Francisco/3535-Wawona-St-94116/unit-435/home/173300597,San Francisco MLS,507001,N,Y,37.7360911,-122.5046285
MLS Listing,,Condo/Co-op,3622 Broderick St #2,San Francisco,CA,94123,2150000,3,2.0,Marina,1541,,1984,1,1395,350,Active,,,http://www.redfin.com/CA/San-Francisco/3622-Broderick-St-94123/unit-2/home/1443497,San Francisco MLS,506997,N,Y,37.8038962,-122.4450361
MLS Listing,,Single Family Residential,1538 Visitacion Ave,San Francisco,CA,94134,1100000,0,1.0,Sunset Valley,1260,1444,1944,1,873,,Active,,,http://www.redfin.com/CA/San-Francisco/1538-Visitacion-Ave-94134/home/1631583,"bridgeMLS, Bay East AOR, or Contra Costa AOR",40922719,N,Y,37.7133083,-122.4140193
MLS Listing,,Single Family Residential,330 Gates St,San Francisco,CA,94110,1795000,3,2.0,Bernal Heights,1780,1751,1914,1,1008,,Active,,,http://www.redfin.com/CA/San-Francisco/330-Gates-St-94110/home/1534413,San Francisco MLS,506991,N,Y,37.7385236,-122.4141521
MLS Listing,,Condo/Co-op,8400 Oceanview Ter #415,San Francisco,CA,94132,629950,1,1.0,Ingleside Heights,667,,2002,1,944,548,Active,,,http://www.redfin.com/CA/San-Francisco/8400-Oceanview-Ter-94132/unit-415/home/1196866,San Francisco MLS,506992,N,Y,37.7104174,-122.4677028
MLS Listing,,Single Family Residential,230 Whitney St,San Francisco,CA,94131,2215000,4,2.0,Glen Park,2115,2757,1922,1,1047,,Active,,,http://www.redfin.com/CA/San-Francisco/230-Whitney-St-94131/home/1448873,San Francisco MLS,506960,N,Y,37.738385,-122.4274143
MLS Listing,,Condo/Co-op,1890 Green St,San Francisco,CA,94123,1795000,3,2.0,Pacific Heights,1765,,1905,1,1017,300,Active,,,http://www.redfin.com/CA/San-Francisco/1890-Green-St-94123/home/1723166,San Francisco MLS,506989,N,Y,37.7970778,-122.4301844
MLS Listing,,Condo/Co-op,199 New Montgomery St #504,San Francisco,CA,94105,848888,1,1.0,Yerba Buena,779,,2004,1,1090,498,Active,,,http://www.redfin.com/CA/San-Francisco/199-New-Montgomery-St-94105/unit-504/home/12401771,San Francisco MLS,506114,N,Y,37.7866055,-122.3990994
MLS Listing,,Condo/Co-op,586 Vermont St,San Francisco,CA,94107,999500,2,3.0,Potrero Hill,1133,,1906,1,882,250,Active,,,http://www.redfin.com/CA/San-Francisco/586-Vermont-St-94107/home/173213985,San Francisco MLS,506830,N,Y,37.7622992,-122.4045776
MLS Listing,,Single Family Residential,584 Vermont St,San Francisco,CA,94107,2499000,5,6.0,Potrero Hill,2690,2500,1906,1,929,,Active,,,http://www.redfin.com/CA/San-Francisco/584-Vermont-St-94107/home/1989961,San Francisco MLS,506944,N,Y,37.7622845,-122.4045853
MLS Listing,,Condo/Co-op,3321 22nd St #3,San Francisco,CA,94110,1450000,3,2.0,Noe Valley,1420,,1990,1,1021,150,Active,,,http://www.redfin.com/CA/San-Francisco/3321-22nd-St-94110/unit-3/home/1391624,San Francisco MLS,506532,N,Y,37.7550141,-122.4216795
MLS Listing,,Multi-Family (2-4 Unit),1919 Oakdale Ave,San Francisco,CA,94124,599000,4,2.0,Bayview,1750,2495,1900,1,342,,Active,,,http://www.redfin.com/CA/San-Francisco/1919-Oakdale-Ave-94124/home/1193308,San Francisco MLS,506954,N,Y,37.7380072,-122.3967264
MLS Listing,,Multi-Family (2-4 Unit),971 Oak,San Francisco,CA,94117,1995000,5,2.0,Hayes Valley,2227,3436,1900,1,896,,Active,,,http://www.redfin.com/CA/San-Francisco/971-Oak-St-94117/home/28647419,San Francisco MLS,506974,N,Y,37.773319,-122.4352568
MLS Listing,,Single Family Residential,24 Josiah Ave,San Francisco,CA,94112,1098000,4,3.0,Ingleside,2015,2500,1989,1,545,,Active,,,http://www.redfin.com/CA/San-Francisco/24-Josiah-Ave-94112/home/826386,San Francisco MLS,506973,N,Y,37.7187114,-122.4528389
MLS Listing,,Single Family Residential,1237 De Haro St,San Francisco,CA,94107,1725000,3,2.0,Potrero Hill,1735,3333,1900,1,994,,Active,,,http://www.redfin.com/CA/San-Francisco/1237-De-Haro-St-94107/home/1841780,San Francisco MLS,502810,N,Y,37.7540457,-122.4002883
MLS Listing,,Multi-Family (2-4 Unit),517-519 Sanchez St,San Francisco,CA,94114,5350000,6,4.0,Eureka Valley/Dolore,3950,2748,1905,1,1354,,Active,,,http://www.redfin.com/CA/San-Francisco/517-Sanchez-St-94114/home/148076846,San Francisco MLS,506966,N,Y,37.7608044,-122.4303752
MLS Listing,,Condo/Co-op,1200 California Unit 25A,San Francisco,CA,94109,2495000,1,1.5,Nob Hill,1435,,,1,1739,1863,Active,,,http://www.redfin.com/CA/San-Francisco/1200-California-St-94109/unit-25A/home/12400737,San Francisco MLS,506586,N,Y,37.7917486,-122.4144729
MLS Listing,,Condo/Co-op,2907 Jackson St,San Francisco,CA,94115,1995000,3,2.0,Pacific Heights,1907,,1904,1,1046,117,Active,,,http://www.redfin.com/CA/San-Francisco/2907-Jackson-St-94115/home/1499228,San Francisco MLS,506301,N,Y,37.791182,-122.443104
MLS Listing,,Single Family Residential,471 Vernon St #471,SAN FRANCISCO,CA,94132,1400500,3,1.0,SAN FRANCISCO,1125,2334,1952,1,1245,,Active,,,http://www.redfin.com/CA/San-Francisco/471-Vernon-St-94132/unit-471/home/173294098,MLSListings,ML81812822,N,Y,37.7209545,-122.4682963
MLS Listing,,Single Family Residential,106 Circular Ave,San Francisco,CA,94131,1248000,4,3.0,Sunnyside,1740,2125,1941,1,717,,Active,,,http://www.redfin.com/CA/San-Francisco/106-Circular-Ave-94131/home/817271,San Francisco MLS,505763,N,Y,37.7310795,-122.4382418
MLS Listing,,Multi-Family (2-4 Unit),663-665 Haight St,San Francisco,CA,94117,2290000,2,1.0,Hayes Valley,,,1938,1,,,Active,,,http://www.redfin.com/CA/San-Francisco/663-Haight-St-94117/home/11743486,San Francisco MLS,506679,N,Y,37.7715902,-122.4331212
MLS Listing,,Condo/Co-op,1200 California St Unit 15A,San Francisco,CA,94109,1895000,1,1.0,Nob Hill,1450,,1962,1,1307,,Active,,,http://www.redfin.com/CA/San-Francisco/1200-California-St-94109/unit-15A/home/12400918,San Francisco MLS,506668,N,Y,37.7917486,-122.4144729
MLS Listing,,Single Family Residential,2450 29th Ave,San Francisco,CA,94116,1595000,3,2.0,Parkside,2328,2996,1940,1,685,,Active,,,http://www.redfin.com/CA/San-Francisco/2450-29th-Ave-94116/home/1092497,San Francisco MLS,506945,N,Y,37.7416165,-122.4860066
MLS Listing,,Condo/Co-op,355 1st St Unit S2802,SAN FRANCISCO,CA,94105,2198000,2,2.0,SAN FRANCISCO,1480,,2004,1,1485,1009,Active,,,http://www.redfin.com/CA/San-Francisco/355-1st-St-94105/unit-S2802/home/1356052,MLSListings,ML81812760,N,Y,37.7870311,-122.3936421
MLS Listing,,Condo/Co-op,1050 North Pt #505,San Francisco,CA,94109,549000,0,1.0,Russian Hill,,,,1,,505,Active,,,http://www.redfin.com/CA/San-Francisco/1050-N-Point-St-94109/unit-505/home/12400900,San Francisco MLS,506940,N,Y,37.8054264,-122.4248135
MLS Listing,,Multi-Family (2-4 Unit),683-685 44th Ave,San Francisco,CA,94121,1300000,5,1.0,Outer Richmond,2250,2063,1946,1,578,,Active,,,http://www.redfin.com/CA/San-Francisco/683-44th-Ave-94121/home/1061421,San Francisco MLS,506050,N,Y,37.7757066,-122.5051087
MLS Listing,,Condo/Co-op,94 Lapidge St,San Francisco,CA,94110,1195000,2,1.0,Mission Dolores,1000,,1924,1,1195,240,Active,,,http://www.redfin.com/CA/San-Francisco/94-Lapidge-St-94110/home/17465389,San Francisco MLS,506289,N,Y,37.760206,-122.4224273
MLS Listing,,Single Family Residential,1779 32nd Ave,San Francisco,CA,94122,995000,3,2.0,Central Sunset,1412,2996,1950,1,705,,Active,,,http://www.redfin.com/CA/San-Francisco/1779-32nd-Ave-94122/home/1111149,San Francisco MLS,506899,N,Y,37.7540423,-122.4907045
MLS Listing,,Condo/Co-op,766 Harrison St #504,San Francisco,CA,94107,419000,0,1.0,Yerba Buena,282,,2008,1,1486,282,Active,,,http://www.redfin.com/CA/San-Francisco/766-Harrison-St-94107/unit-504/home/40071544,San Francisco MLS,506914,N,Y,37.7816504,-122.3991169
MLS Listing,,Single Family Residential,1422 Rhode Island St,San Francisco,CA,94107,2198000,4,3.5,Potrero Hill,2244,2495,1936,1,980,,Active,,,http://www.redfin.com/CA/San-Francisco/1422-Rhode-Island-St-94107/home/1247819,San Francisco MLS,504190,N,Y,37.7516154,-122.4015741
MLS Listing,,Condo/Co-op,450 Hayes St Unit 2D,San Francisco,CA,94102,980000,1,1.0,Hayes Valley,,,2016,1,,721,Active,,,http://www.redfin.com/CA/San-Francisco/450-Hayes-St-94102/unit-2D/home/108551522,San Francisco MLS,506936,N,Y,37.7768993,-122.4240297
MLS Listing,,Condo/Co-op,4054 18th St,San Francisco,CA,94114,999000,3,1.0,Eureka Valley/Dolore,1582,,1901,1,631,500,Active,,,http://www.redfin.com/CA/San-Francisco/4054-18th-St-94114/home/28938867,San Francisco MLS,506475,N,Y,37.7610808,-122.434102
MLS Listing,,Single Family Residential,1721 Sanchez St,San Francisco,CA,94131,2285000,4,3.0,Glen Park,1875,3125,1907,1,1219,,Active,,,http://www.redfin.com/CA/San-Francisco/1721-Sanchez-St-94131/home/810811,San Francisco MLS,506827,N,Y,37.7413604,-122.4286779
MLS Listing,,Single Family Residential,205 Beacon St,San Francisco,CA,94131,2495000,4,3.0,Glen Park,2785,4499,1965,1,896,,Active,,,http://www.redfin.com/CA/San-Francisco/205-Beacon-St-94131/home/1552490,San Francisco MLS,501592,N,Y,37.7397767,-122.431971
MLS Listing,,Single Family Residential,2242 19th St,San Francisco,CA,94107,1749000,2,2.0,Potrero Hill,1266,1873,1913,1,1382,,Active,,,http://www.redfin.com/CA/San-Francisco/2242-19th-St-94107/home/1533767,San Francisco MLS,506380,N,Y,37.7609861,-122.4047658
MLS Listing,,Single Family Residential,66 Bronte St,San Francisco,CA,94110,1295000,3,2.0,Bernal Heights,1672,1750,1900,1,775,,Active,,,http://www.redfin.com/CA/San-Francisco/66-Bronte-St-94110/home/1976910,San Francisco MLS,506921,N,Y,37.7386679,-122.41038
MLS Listing,,Condo/Co-op,301 Mission St Unit 34D,San Francisco,CA,94105,2998000,2,3.0,Yerba Buena,1973,,2009,1,1520,2730,Active,,,http://www.redfin.com/CA/San-Francisco/301-Mission-St-94105/unit-34D/home/40138813,San Francisco MLS,503149,N,Y,37.7903824,-122.3961531
MLS Listing,,Condo/Co-op,731 47th Ave #1,San Francisco,CA,94121,973000,2,1.0,Outer Richmond,1125,,1929,1,865,400,Active,,,http://www.redfin.com/CA/San-Francisco/731-47th-Ave-94121/unit-1/home/11743526,San Francisco MLS,506896,N,Y,37.7745632,-122.5083036
MLS Listing,,Townhouse,640 Davis St #11,San Francisco,CA,94111,2650000,3,3.0,Financial District,2251,,1983,1,1177,1819,Active,,,http://www.redfin.com/CA/San-Francisco/640-Davis-St-94111/unit-11/home/545576,San Francisco MLS,506575,N,Y,37.7984197,-122.3979583
MLS Listing,,Multi-Family (2-4 Unit),751-755 Taraval St,San Francisco,CA,94116,2395000,3,1.0,Inner Parkside,5627,3249,1936,1,426,,Active,,,http://www.redfin.com/CA/San-Francisco/751-Taraval-St-94116/home/173290648,San Francisco MLS,506916,N,Y,37.7428575,-122.4744296
MLS Listing,,Single Family Residential,703 Dartmouth St,San Francisco,CA,94134,995000,3,3.0,Portola,1269,1875,1939,1,784,,Active,,,http://www.redfin.com/CA/San-Francisco/703-Dartmouth-St-94134/home/1114218,San Francisco MLS,506627,N,Y,37.7218597,-122.4097715
MLS Listing,,Multi-Family (2-4 Unit),3221-3223 Market St,San Francisco,CA,94114,1495000,6,,Eureka Valley/Dolore,1670,2596,1908,1,895,,Active,,,http://www.redfin.com/CA/San-Francisco/3221-Market-St-94114/home/1766418,San Francisco MLS,506894,N,Y,37.7590665,-122.4445445
MLS Listing,,Condo/Co-op,643 Lake St,San Francisco,CA,94118,2450000,3,2.0,Lake,2178,,1909,1,1125,300,Active,,,http://www.redfin.com/CA/San-Francisco/643-Lake-St-94118/home/52349884,San Francisco MLS,504856,N,Y,37.7864056,-122.4663515
MLS Listing,,Condo/Co-op,2801 Jackson St #204,SAN FRANCISCO,CA,94115,1498000,2,1.0,SAN FRANCISCO,1300,,1906,1,1152,700,Active,,,http://www.redfin.com/CA/San-Francisco/2801-Jackson-St-94115/unit-204/home/173289880,MLSListings,ML81812700,N,Y,37.791415,-122.441437
MLS Listing,,Single Family Residential,46 Eagle St,San Francisco,CA,94114,1049000,1,1.0,Eureka Valley/Dolore,,1873,1926,1,,,Active,,,http://www.redfin.com/CA/San-Francisco/46-Eagle-St-94114/home/1860892,San Francisco MLS,504349,N,Y,37.7584998,-122.4429144
MLS Listing,,Townhouse,2121 Webster St Unit TH7,San Francisco,CA,94115,4995000,3,3.0,Pacific Heights,3006,,2016,1,1662,2815,Active,,,http://www.redfin.com/CA/San-Francisco/2121-Webster-St-94115/unit-TH7/home/144063562,San Francisco MLS,505765,N,Y,37.7901352,-122.4326933
MLS Listing,,Single Family Residential,136 Santa Marina St,San Francisco,CA,94110,1495000,2,1.0,Bernal Heights,1310,2500,1906,1,1141,,Active,,,http://www.redfin.com/CA/San-Francisco/136-Santa-Marina-St-94110/home/765352,San Francisco MLS,506676,N,Y,37.7394607,-122.4206451
MLS Listing,,Condo/Co-op,926 Stanyan St Unit A,San Francisco,CA,94117,1250000,3,2.5,Parnassus/Ashbury Heights,,,1906,1,,250,Active,,,http://www.redfin.com/CA/San-Francisco/926-Stanyan-St-94117/unit-A/home/173288905,San Francisco MLS,506913,N,Y,37.7660097,-122.4526283
MLS Listing,,Single Family Residential,1738 30th Ave,San Francisco,CA,94122,1195000,2,1.0,Central Sunset,1375,3000,1939,1,869,,Active,,,http://www.redfin.com/CA/San-Francisco/1738-30th-Ave-94122/home/923883,San Francisco MLS,506843,N,Y,37.7548465,-122.4880958
MLS Listing,,Single Family Residential,714 Teresita Blvd,San Francisco,CA,94127,1595000,3,2.0,Miraloma Park,2011,2421,1931,1,793,,Active,,,http://www.redfin.com/CA/San-Francisco/714-Teresita-Blvd-94127/home/1993190,San Francisco MLS,506912,N,Y,37.7353019,-122.4465549
MLS Listing,,Condo/Co-op,470 Collingwood St #5,San Francisco,CA,94114,925000,1,1.0,Eureka Valley/Dolore,856,,1965,1,1081,440,Active,,,http://www.redfin.com/CA/San-Francisco/470-Collingwood-St-94114/unit-5/home/102820960,San Francisco MLS,506906,N,Y,37.7548626,-122.4358861
MLS Listing,,Single Family Residential,1008 Goettingen St,San Francisco,CA,94134,1098000,3,2.5,Visitacion Valley,1370,1751,1954,1,801,,Active,,,http://www.redfin.com/CA/San-Francisco/1008-Goettingen-St-94134/home/1688095,San Francisco MLS,505677,N,Y,37.7194444,-122.4036872
MLS Listing,,Single Family Residential,2927 Balboa St,SAN FRANCISCO,CA,94121,1695000,5,5.0,SAN FRANCISCO,2652,2360,1921,1,639,,Active,,,http://www.redfin.com/CA/San-Francisco/2927-Balboa-St-94121/home/1643885,MLSListings,ML81812672,N,Y,37.7758231,-122.4903459
MLS Listing,,Single Family Residential,226 Munich St,San Francisco,CA,94112,1088000,3,2.0,Excelsior,1150,2500,1946,1,946,,Active,,,http://www.redfin.com/CA/San-Francisco/226-Munich-St-94112/home/1950981,San Francisco MLS,504572,N,Y,37.7220604,-122.4262087
MLS Listing,,Condo/Co-op,1238 Sutter St #801,SAN FRANCISCO,CA,94109,789000,1,1.0,SAN FRANCISCO,519,,2018,1,1520,524,Active,,,http://www.redfin.com/CA/San-Francisco/1238-Sutter-St-94109/unit-801/home/146652357,MLSListings,ML81806513,N,Y,37.7880028,-122.4208442
MLS Listing,,Multi-Family (5+ Unit),1254 48th Ave,San Francisco,CA,94122,2350000,8,,Outer Sunset,4070,2996,1964,1,577,,Active,,,http://www.redfin.com/CA/San-Francisco/1254-48th-Ave-94122/home/622733,San Francisco MLS,506788,N,Y,37.7630277,-122.5079025
MLS Listing,,Condo/Co-op,3428 16th St Unit A,San Francisco,CA,94114,1159000,4,2.0,Eureka Valley/Dolore,1416,,1904,1,819,558,Active,,,http://www.redfin.com/CA/San-Francisco/3428-16th-St-94114/unit-A/home/173286979,San Francisco MLS,506726,N,Y,37.7646913,-122.4293392
MLS Listing,,Condo/Co-op,26 Atalaya Ter,San Francisco,CA,94117,1795000,2,2.5,Lone Mountain,,,1920,1,,415,Active,,,http://www.redfin.com/CA/San-Francisco/26-Atalaya-Ter-94117/home/12277443,San Francisco MLS,506892,N,Y,37.776274,-122.447347
MLS Listing,,Condo/Co-op,924 Stanyan St,San Francisco,CA,94117,2350000,3,2.0,Parnassus/Ashbury Heights,,,1906,1,,250,Active,,,http://www.redfin.com/CA/San-Francisco/924-Stanyan-St-94117/home/2007619,San Francisco MLS,506802,N,Y,37.766019,-122.4525346
MLS Listing,,Condo/Co-op,2224 Clement St #101,San Francisco,CA,94121,1398000,3,2.0,Central Richmond,1405,,2020,1,995,700,Active,,,http://www.redfin.com/CA/San-Francisco/2224-Clement-St-94121/unit-101/home/173286948,San Francisco MLS,505322,N,Y,37.7823411,-122.4834247
MLS Listing,,Condo/Co-op,2205 Sacramento St #303,San Francisco,CA,94115,1650000,2,1.5,Pacific Heights,1582,,1908,1,1043,600,Active,,,http://www.redfin.com/CA/San-Francisco/2205-Sacramento-St-94115/unit-303/home/1357868,San Francisco MLS,506893,N,Y,37.7901338,-122.4295084
MLS Listing,,Condo/Co-op,88 Guy Pl #403,San Francisco,CA,94105,1275000,2,2.0,South Beach,1369,,1998,1,931,950,Active,,,http://www.redfin.com/CA/San-Francisco/88-Guy-Pl-94105/unit-403/home/1125514,San Francisco MLS,506891,N,Y,37.7862219,-122.3948434
MLS Listing,,Condo/Co-op,3933 25th St,San Francisco,CA,94114,1395000,2,1.0,Noe Valley,1210,,1895,1,1153,390,Active,,,http://www.redfin.com/CA/San-Francisco/3933-25th-St-94114/home/927792,San Francisco MLS,506365,N,Y,37.7498042,-122.4280703
MLS Listing,,Condo/Co-op,2443 Chestnut St,San Francisco,CA,94123,1495000,2,2.0,Marina,1570,,1927,1,952,300,Active,,,http://www.redfin.com/CA/San-Francisco/2443-Chestnut-St-94123/home/1224706,San Francisco MLS,506727,N,Y,37.7997167,-122.4435727
MLS Listing,,Single Family Residential,4326 24th St,San Francisco,CA,94114,2695000,4,3.0,Noe Valley,2205,2964,1924,1,1222,,Active,,,http://www.redfin.com/CA/San-Francisco/4326-24th-St-94114/home/1900410,San Francisco MLS,503735,N,Y,37.7511832,-122.4393627
MLS Listing,,Condo/Co-op,430 Fillmore St Unit B,San Francisco,CA,94117,1495000,2,2.0,Hayes Valley,1314,,1988,1,1138,225,Active,,,http://www.redfin.com/CA/San-Francisco/430-Fillmore-St-94117/unit-B/home/581134,San Francisco MLS,506840,N,Y,37.7735371,-122.430522
MLS Listing,,Condo/Co-op,1701 Jackson St #103,San Francisco,CA,94109,1175000,2,1.0,Pacific Heights,1115,,2001,1,1054,787,Active,,,http://www.redfin.com/CA/San-Francisco/1701-Jackson-St-94109/unit-103/home/997722,San Francisco MLS,505326,N,Y,37.7934317,-122.4234277
MLS Listing,,Multi-Family (2-4 Unit),378-380 23rd Ave,San Francisco,CA,94121,2250000,4,2.0,Central Richmond,3370,3297,1921,1,668,,Active,,,http://www.redfin.com/CA/San-Francisco/378-23rd-Ave-94121/home/1218444,San Francisco MLS,506885,N,Y,37.7806923,-122.4824289
MLS Listing,,Single Family Residential,522 Head St,San Francisco,CA,94132,1238000,6,3.0,Ingleside Heights,,2500,1947,1,,,Active,,,http://www.redfin.com/CA/San-Francisco/522-Head-St-94132/home/1934740,San Francisco MLS,506605,N,Y,37.7165975,-122.4641834
MLS Listing,,Single Family Residential,251 Athens St,San Francisco,CA,94112,1295000,5,2.5,Excelsior,1856,2495,1956,1,698,,Active,,,http://www.redfin.com/CA/San-Francisco/251-Athens-St-94112/home/772847,San Francisco MLS,506876,N,Y,37.7238685,-122.4265434
MLS Listing,,Condo/Co-op,2 Pearl St #4,San Francisco,CA,94103,719000,1,1.0,Mission Dolores,780,,1986,1,922,323,Active,,,http://www.redfin.com/CA/San-Francisco/2-Pearl-St-94103/unit-4/home/1742001,San Francisco MLS,505370,N,Y,37.7710026,-122.4240768
MLS Listing,,Single Family Residential,1694 York St,San Francisco,CA,94110,2595000,4,3.5,Bernal Heights,2815,1963,1903,1,922,,Active,,,http://www.redfin.com/CA/San-Francisco/1694-York-St-94110/home/1774921,San Francisco MLS,506792,N,Y,37.7464311,-122.4055055
MLS Listing,,Single Family Residential,151 Stillings Ave,San Francisco,CA,94131,1295000,2,1.0,Glen Park,1108,2495,1942,1,1169,,Active,,,http://www.redfin.com/CA/San-Francisco/151-Stillings-Ave-94131/home/1629711,San Francisco MLS,506752,N,Y,37.7344075,-122.4432515
MLS Listing,,Single Family Residential,477 Hazelwood Ave,San Francisco,CA,94127,2250000,3,2.5,Westwood Highlands,2545,3933,1940,1,884,,Active,,,http://www.redfin.com/CA/San-Francisco/477-Hazelwood-Ave-94127/home/1438071,San Francisco MLS,505352,N,Y,37.7343993,-122.458644
MLS Listing,,Multi-Family (5+ Unit),168 Sickles Ave,San Francisco,CA,94112,3895000,18,,Outer Mission,10641,5445,1964,1,366,,Active,,,http://www.redfin.com/CA/San-Francisco/168-Sickles-Ave-94112/home/1744585,San Francisco MLS,506863,N,Y,37.7099847,-122.4539336
MLS Listing,,Multi-Family (2-4 Unit),1455-1459 Broderick St,San Francisco,CA,94115,1795000,12,3.0,Lower Pacific Height,4324,1750,1905,1,415,,Active,,,http://www.redfin.com/CA/San-Francisco/1455-Broderick-St-94115/home/1826161,San Francisco MLS,505098,N,Y,37.7838814,-122.441546
MLS Listing,,Multi-Family (2-4 Unit),233-235 Lincoln Way,San Francisco,CA,94122,1950000,5,,Inner Sunset,2108,2850,1922,1,925,,Active,,,http://www.redfin.com/CA/San-Francisco/233-Lincoln-Way-94122/home/625184,San Francisco MLS,506252,N,Y,37.7659278,-122.4606048
MLS Listing,,Condo/Co-op,619 Holloway Ave #4,San Francisco,CA,94112,850000,2,2.0,Ingleside,1268,,1985,1,670,330,Active,,,http://www.redfin.com/CA/San-Francisco/619-Holloway-Ave-94112/unit-4/home/1535794,San Francisco MLS,506878,N,Y,37.7213762,-122.4597121
MLS Listing,,Condo/Co-op,1 South Park St #203,San Francisco,CA,94107,998000,1,1.0,South Beach,731,,2007,1,1365,637,Active,,,http://www.redfin.com/CA/San-Francisco/1-S-Park-St-94107/unit-203/home/12329813,San Francisco MLS,506854,N,Y,37.7820531,-122.3928347
MLS Listing,,Condo/Co-op,27 Parker Ave,San Francisco,CA,94118,1250000,2,2.0,Jordan Park/Laurel Heights,1092,,1909,1,1145,400,Active,,,http://www.redfin.com/CA/San-Francisco/27-Parker-Ave-94118/home/146104592,San Francisco MLS,506764,N,Y,37.7856731,-122.4549079
MLS Listing,,Condo/Co-op,334 Alemany Blvd #3,San Francisco,CA,94110,505000,1,1.0,Bernal Heights,530,,1964,1,953,262,Active,,,http://www.redfin.com/CA/San-Francisco/334-Alemany-Blvd-94110/unit-3/home/1213955,San Francisco MLS,506590,N,Y,37.7340287,-122.4127804
MLS Listing,,Condo/Co-op,28 Atalaya Ter,San Francisco,CA,94117,1425000,2,1.5,Lone Mountain,,,1920,1,,368,Active,,,http://www.redfin.com/CA/San-Francisco/28-Atalaya-Ter-94117/home/12277070,San Francisco MLS,506661,N,Y,37.776274,-122.447347
MLS Listing,,Condo/Co-op,2829 25th St #3,San Francisco,CA,94110,1850000,3,2.5,Inner Mission,1433,,2020,1,1291,250,Active,,,http://www.redfin.com/CA/San-Francisco/2829-25th-St-94110/unit-3/home/173284075,San Francisco MLS,505668,N,Y,37.7510579,-122.4067261
MLS Listing,,Condo/Co-op,388 Fulton St #411,San Francisco,CA,94102,850000,2,1.0,Hayes Valley,714,,2016,1,1190,602,Active,,,http://www.redfin.com/CA/San-Francisco/388-Fulton-St-94102/unit-411/home/108438926,San Francisco MLS,505707,N,Y,37.7790409,-122.4231102
MLS Listing,,Condo/Co-op,855 Lincoln Way #5,San Francisco,CA,94122,1350000,3,2.0,Inner Sunset,1360,,1981,1,993,350,Active,,,http://www.redfin.com/CA/San-Francisco/855-Lincoln-Way-94122/unit-5/home/1979921,San Francisco MLS,506798,N,Y,37.7656935,-122.467238
MLS Listing,,Condo/Co-op,609 Castro St Unit D,San Francisco,CA,94114,899000,1,1.0,Eureka Valley/Dolore,725,,1913,2,1240,253,Active,,,http://www.redfin.com/CA/San-Francisco/609-Castro-St-94114/unit-D/home/114070778,San Francisco MLS,506797,N,Y,37.759088,-122.4345847
MLS Listing,,Single Family Residential,800 27th Ave,San Francisco,CA,94121,1895000,5,4.0,Central Richmond,,2500,1935,2,,,Active,,,http://www.redfin.com/CA/San-Francisco/800-27th-Ave-94121/home/2026966,San Francisco MLS,506861,N,Y,37.774208,-122.486163
MLS Listing,,Townhouse,162 Avocet Way,San Francisco,CA,94124,849000,2,2.0,Hunters Point,1177,,2016,2,721,254,Active,,,http://www.redfin.com/CA/San-Francisco/162-Avocet-Way-94124/home/109240385,San Francisco MLS,505949,N,Y,37.7285129,-122.3689537
MLS Listing,,Condo/Co-op,4468 24th St,San Francisco,CA,94114,1995000,3,2.5,Noe Valley,1756,,1955,2,1136,,Active,,,http://www.redfin.com/CA/San-Francisco/4468-24th-St-94114/home/173283016,San Francisco MLS,506874,N,Y,37.7509788,-122.4422411
MLS Listing,,Condo/Co-op,4466 24th St,San Francisco,CA,94114,1849000,3,3.0,Noe Valley,2157,,1955,2,857,,Active,,,http://www.redfin.com/CA/San-Francisco/4466-24th-St-94114/home/1549213,San Francisco MLS,506871,N,Y,37.7509685,-122.4421898
MLS Listing,,Vacant Land,107 Lunado Way,San Francisco,CA,94127,1950000,,,Ingleside Terrace,,6200,,2,,,Active,,,http://www.redfin.com/CA/San-Francisco/107-Lunado-Way-94127/home/813313,San Francisco MLS,506859,N,Y,37.7240283,-122.4716462
MLS Listing,,Condo/Co-op,1012 Saddleback Dr,San Francisco,CA,94134,699000,2,2.0,Crocker Amazon,897,,1989,2,779,368,Active,,,http://www.redfin.com/CA/San-Francisco/1012-Saddleback-Dr-94134/home/1283105,San Francisco MLS,506858,N,Y,37.709525,-122.42688
MLS Listing,,Condo/Co-op,595 12th Ave #11,San Francisco,CA,94118,595000,1,1.0,Inner Richmond,,,1926,2,,270,Active,,,http://www.redfin.com/CA/San-Francisco/595-12th-Ave-94118/unit-11/home/615229,San Francisco MLS,506086,N,Y,37.7771739,-122.4706307
MLS Listing,,Single Family Residential,85 5th Ave,San Francisco,CA,94118,1998000,3,2.0,Lake,1600,3916,1954,2,1249,,Active,,,http://www.redfin.com/CA/San-Francisco/85-5th-Ave-94118/home/1877659,San Francisco MLS,506753,N,Y,37.7871611,-122.4639318
MLS Listing,,Condo/Co-op,1101 Green St #202,San Francisco,CA,94109,950000,1,1.0,Russian Hill,930,,1930,2,1022,1450,Active,,,http://www.redfin.com/CA/San-Francisco/1101-Green-St-94109/unit-202/home/1633585,San Francisco MLS,506589,N,Y,37.7982344,-122.417394
MLS Listing,,Single Family Residential,77 Christopher Dr,San Francisco,CA,94131,1749000,4,3.0,Forest Knolls,1890,2870,1960,2,925,,Active,,,http://www.redfin.com/CA/San-Francisco/77-Christopher-Dr-94131/home/1604415,San Francisco MLS,506691,N,Y,37.7566287,-122.4566979
MLS Listing,,Condo/Co-op,648 Cole St,San Francisco,CA,94117,1495000,2,1.5,Haight Ashbury,1438,,1900,2,1040,300,Active,,,http://www.redfin.com/CA/San-Francisco/648-Cole-St-94117/home/1681696,San Francisco MLS,504503,N,Y,37.7688896,-122.4504703
MLS Listing,,Condo/Co-op,1170 Sacramento St Unit 17A,San Francisco,CA,94108,4450000,2,2.5,Nob Hill,,,1963,2,,3183,Active,,,http://www.redfin.com/CA/San-Francisco/1170-Sacramento-St-94108/unit-17A/home/1330582,San Francisco MLS,499933,N,Y,37.7929056,-122.4121403
MLS Listing,,Condo/Co-op,451 A Sanchez St,San Francisco,CA,94114,1495000,2,2.0,Eureka Valley/Dolore,,,1900,2,,400,Active,,,http://www.redfin.com/CA/San-Francisco/451A-Sanchez-St-94114/home/110027990,San Francisco MLS,505273,N,Y,37.7619122,-122.4303348
MLS Listing,,Condo/Co-op,1264 A Golden Gate Ave,San Francisco,CA,94115,779000,3,1.0,Western Addition,874,,1875,2,891,310,Active,,,http://www.redfin.com/CA/San-Francisco/1264a-Golden-Gate-Ave-94115/home/11893380,San Francisco MLS,504382,N,Y,37.7798164,-122.4313516
MLS Listing,,Condo/Co-op,1930 Grove St #1,San Francisco,CA,94117,795000,1,1.0,Haight/Ashbury,656,,1922,2,1212,272,Active,,,http://www.redfin.com/CA/San-Francisco/1930-Grove-St-94117/unit-1/home/2006482,"bridgeMLS, Bay East AOR, or Contra Costa AOR",40922332,N,Y,37.7748745,-122.4485046
MLS Listing,,Single Family Residential,519 Sanchez St,San Francisco,CA,94114,5350000,5,4.5,Eureka Valley/Dolore,3950,2748,1905,2,1354,,Active,,,http://www.redfin.com/CA/San-Francisco/519-Sanchez-St-94114/home/1719369,San Francisco MLS,506671,N,Y,37.760781,-122.430204
MLS Listing,,Multi-Family (2-4 Unit),623-625 Natoma St,San Francisco,CA,94103,1699000,,,South of Market,2852,1903,1923,2,596,,Active,,,http://www.redfin.com/CA/San-Francisco/623-Natoma-St-94103/home/1272616,San Francisco MLS,506716,N,Y,37.777816,-122.410419
MLS Listing,,Condo/Co-op,750 Van Ness Ave #706,San Francisco,CA,94102,649000,1,1.0,Van Ness/Civic Center,700,,,2,927,729,Active,,,http://www.redfin.com/CA/San-Francisco/750-Van-Ness-Ave-94102/unit-706/home/173279890,San Francisco MLS,506790,N,Y,37.7824388,-122.4203287
MLS Listing,,Condo/Co-op,,San Francisco,CA,94133,2490000,2,2.5,Financial District,1620,,1911,2,1537,1226,Active,,,http://www.redfin.com/CA/San-Francisco/Undisclosed-address-94133/home/23455088,San Francisco MLS,504484,N,Y,37.7969138,-122.4039005
MLS Listing,,Condo/Co-op,411 Francisco St #107,San Francisco,CA,94133,1095000,2,2.0,North Beach,,,2001,2,,737,Active,,,http://www.redfin.com/CA/San-Francisco/411-Francisco-St-94133/unit-107/home/12354081,San Francisco MLS,506837,N,Y,37.8045734,-122.412703
MLS Listing,,Condo/Co-op,2255 Clay St,San Francisco,CA,94115,3250000,3,3.0,Pacific Heights,2712,,1935,2,1198,490,Active,,,http://www.redfin.com/CA/San-Francisco/2255-Clay-St-94115/home/1825315,San Francisco MLS,506748,N,Y,37.791005,-122.43017
MLS Listing,,Condo/Co-op,1944 Bush St,San Francisco,CA,94115,2425000,4,2.0,Lower Pacific Height,2130,,1900,2,1138,266,Active,,,http://www.redfin.com/CA/San-Francisco/1944-Bush-St-94115/home/569881,San Francisco MLS,506829,N,Y,37.787837,-122.42931
MLS Listing,,Condo/Co-op,240 Lombard St #937,San Francisco,CA,94111,649000,1,1.0,North Waterfront,566,,1993,2,1147,954,Active,,,http://www.redfin.com/CA/San-Francisco/240-Lombard-St-94111/unit-937/home/1978506,San Francisco MLS,506692,N,Y,37.8042439,-122.4055041
MLS Listing,,Condo/Co-op,851 Van Ness Ave #301,San Francisco,CA,94019,995000,2,2.0,Van Ness/Civic Center,1054,,2002,2,944,683,Active,,,http://www.redfin.com/CA/San-Francisco/851-Van-Ness-Ave-94109/unit-301/home/860921,San Francisco MLS,506791,N,Y,37.78352,-122.4213559
MLS Listing,,Condo/Co-op,1649 Beach,San Francisco,CA,94123,2095000,2,2.0,Marina,1802,,1931,2,1163,450,Active,,,http://www.redfin.com/CA/San-Francisco/1649-Beach-St-94123/home/1536779,San Francisco MLS,506825,N,Y,37.804366,-122.436162
MLS Listing,,Condo/Co-op,518 Page St,San Francisco,CA,94117,1295000,3,1.5,Hayes Valley,1500,,1900,2,863,396,Active,,,http://www.redfin.com/CA/San-Francisco/518-Page-St-94117/home/173278709,San Francisco MLS,506076,N,Y,37.7733059,-122.4294181
MLS Listing,,Condo/Co-op,2124 Hyde St #1,San Francisco,CA,94109,899000,2,1.0,Russian Hill,855,,1913,2,1051,451,Active,,,http://www.redfin.com/CA/San-Francisco/2124-Hyde-St-94109/unit-1/home/12344448,San Francisco MLS,505451,N,Y,37.8005655,-122.4191408
MLS Listing,,Condo/Co-op,770 Rhode Island St #101,San Francisco,CA,94107,1398000,2,2.0,Potrero Hill,1248,,1992,2,1120,455,Active,,,http://www.redfin.com/CA/San-Francisco/770-Rhode-Island-St-94107/unit-101/home/1074251,San Francisco MLS,506176,N,Y,37.7600161,-122.4024268
MLS Listing,,Single Family Residential,2550 26th Ave,San Francisco,CA,94116,1095000,2,1.0,Parkside,1550,2996,1931,2,706,,Active,,,http://www.redfin.com/CA/San-Francisco/2550-26th-Ave-94116/home/662892,San Francisco MLS,506039,N,Y,37.739907,-122.482666
MLS Listing,,Condo/Co-op,1856 Powell St #202,San Francisco,CA,94133,899000,1,1.0,North Beach,765,,1934,2,1175,547,Active,,,http://www.redfin.com/CA/San-Francisco/1856-Powell-St-94133/unit-202/home/1616641,San Francisco MLS,506537,N,Y,37.8019031,-122.4108914
MLS Listing,,Single Family Residential,170 Topeka Ave,San Francisco,CA,94124,899000,2,1.0,Silver Terrace,1034,2696,1943,2,869,,Active,,,http://www.redfin.com/CA/San-Francisco/170-Topeka-Ave-94124/home/1917744,San Francisco MLS,505748,N,Y,37.7333651,-122.3982994
MLS Listing,,Single Family Residential,168 Dorantes Ave,San Francisco,CA,94116,2575000,4,3.5,Forest Hill,3216,4499,1932,2,801,69,Active,,,http://www.redfin.com/CA/San-Francisco/168-Dorantes-Ave-94116/home/1334429,San Francisco MLS,506681,N,Y,37.7454757,-122.4645646
MLS Listing,,Single Family Residential,116 Bayview Cir,San Francisco,CA,94124,799000,2,2.0,Silver Terrace,1301,1762,1985,2,614,357,Active,,,http://www.redfin.com/CA/San-Francisco/116-Bayview-Cir-94124/home/1103775,San Francisco MLS,506744,N,Y,37.7342834,-122.3946517
MLS Listing,,Single Family Residential,164 Midcrest Way,San Francisco,CA,94131,1575000,3,2.0,Midtown Terrace,1383,3672,1954,2,1139,,Active,,,http://www.redfin.com/CA/San-Francisco/164-Midcrest-Way-94131/home/681502,San Francisco MLS,506782,N,Y,37.7494632,-122.4482609
MLS Listing,,Multi-Family (5+ Unit),5040-5050 Geary Blvd,San Francisco,CA,94118,3790000,12,,Central Richmond,6700,1875,1917,2,566,,Active,,,http://www.redfin.com/CA/San-Francisco/5040-Geary-Blvd-94118/home/173277029,San Francisco MLS,506707,N,Y,37.7808086,-122.4736771
MLS Listing,,Single Family Residential,409 Los Palmos Dr,San Francisco,CA,94127,1350000,3,1.0,San Francisco County,1182,2614,1959,2,1142,,Active,,,http://www.redfin.com/CA/San-Francisco/409-Los-Palmos-Dr-94127/home/2016650,BAREIS,22023038,N,Y,37.7342597,-122.4508778
MLS Listing,,Multi-Family (2-4 Unit),222-224 23rd Ave,San Francisco,CA,94121,1295000,,,Central Richmond,2500,2996,1909,2,518,,Active,,,http://www.redfin.com/CA/San-Francisco/222-23rd-Ave-94121/home/1799094,San Francisco MLS,504474,N,Y,37.7835113,-122.4825067
MLS Listing,,Single Family Residential,257 Surrey St,San Francisco,CA,94131,1795000,4,2.5,Glen Park,2359,2500,1900,2,761,,Active,,,http://www.redfin.com/CA/San-Francisco/257-Surrey-St-94131/home/1577156,San Francisco MLS,504341,N,Y,37.7357421,-122.4361299
MLS Listing,,Single Family Residential,655 45th Ave,San Francisco,CA,94121,2195000,6,3.5,Outer Richmond,2611,3467,1957,2,841,,Active,,,http://www.redfin.com/CA/San-Francisco/655-45th-Ave-94121/home/1476862,San Francisco MLS,506717,N,Y,37.7761445,-122.5062668
MLS Listing,,Condo/Co-op,179 San Carlos St #2,SAN FRANCISCO,CA,94110,1320000,2,2.0,SAN FRANCISCO,973,2000,2012,2,1357,227,Active,,,http://www.redfin.com/CA/San-Francisco/179-San-Carlos-St-94110/unit-2/home/40372376,MLSListings,ML81812435,N,Y,37.7606257,-122.4198086
MLS Listing,,Condo/Co-op,611 Carolina St,San Francisco,CA,94107,949000,2,2.0,Potrero Hill,1100,,1978,2,863,878,Active,,,http://www.redfin.com/CA/San-Francisco/611-Carolina-St-94107/home/1565595,San Francisco MLS,506714,N,Y,37.760911,-122.400073
MLS Listing,,Single Family Residential,333 Pioche St,San Francisco,CA,94134,1198000,3,2.0,Portola,1411,2500,1936,2,849,,Active,,,http://www.redfin.com/CA/San-Francisco/333-Pioche-St-94134/home/916027,San Francisco MLS,506175,N,Y,37.7280553,-122.4218839
MLS Listing,,Single Family Residential,1307 Gilman Ave,San Francisco,CA,94124-3242,989000,3,1.5,Bayview,1352,2500,1938,2,732,,Active,,,http://www.redfin.com/CA/San-Francisco/1307-Gilman-Ave-94124/home/745026,"bridgeMLS, Bay East AOR, or Contra Costa AOR",40922241,N,Y,37.7214011,-122.3940849
MLS Listing,,Multi-Family (5+ Unit),1300 Powell St,San Francisco,CA,94133,3200000,5,,Nob Hill,7350,2835,1916,2,435,,Active,,,http://www.redfin.com/CA/San-Francisco/1300-Powell-St-94133/home/110053436,San Francisco MLS,506808,N,Y,37.7966478,-122.4098644
MLS Listing,,Condo/Co-op,1102 Fulton St,San Francisco,CA,94117,1350000,2,1.5,Alamo Square,1224,,1900,2,1103,350,Active,,,http://www.redfin.com/CA/San-Francisco/1102-Fulton-St-94117/home/109689310,San Francisco MLS,506762,N,Y,37.7774505,-122.4352447
MLS Listing,,Condo/Co-op,3045 Jackson St #402,San Francisco,CA,94115,1149000,2,1.0,Pacific Heights,,,1929,2,,839,Active,,,http://www.redfin.com/CA/San-Francisco/3045-Jackson-St-94115/unit-402/home/1079620,San Francisco MLS,502985,N,Y,37.7908472,-122.4451551
MLS Listing,,Condo/Co-op,425 1st St #1707,San Francisco,CA,94105,1158000,1,1.0,South Beach,819,,2008,2,1414,1031,Active,,,http://www.redfin.com/CA/San-Francisco/425-1st-St-94105/unit-1707/home/17304942,San Francisco MLS,506805,N,Y,37.7860625,-122.3921764
MLS Listing,,Single Family Residential,170 Flood Ave,San Francisco,CA,94131,1359000,3,3.0,Sunnyside,1560,2813,1900,2,871,,Active,,,http://www.redfin.com/CA/San-Francisco/170-Flood-Ave-94131/home/1130792,San Francisco MLS,504962,N,Y,37.7301082,-122.4436385
MLS Listing,,Condo/Co-op,9 Castro St,SAN FRANCISCO,CA,94114,849000,2,1.0,SAN FRANCISCO,909,,1963,2,934,,Active,,,http://www.redfin.com/CA/San-Francisco/9-Castro-St-94117/home/57212864,MLSListings,ML81812419,N,Y,37.7699439,-122.4361861
MLS Listing,,Condo/Co-op,1700 Gough St #208,San Francisco,CA,94109,669000,1,1.0,Lower Pacific Height,640,,1980,2,1045,446,Active,,,http://www.redfin.com/CA/San-Francisco/1700-Gough-St-94109/unit-208/home/102815360,San Francisco MLS,506582,N,Y,37.7893037,-122.4252829
MLS Listing,,Single Family Residential,21 San Pablo Ave,San Francisco,CA,94127,2825000,3,3.0,St. Francis Wood,2778,4334,1925,2,1017,166,Active,,,http://www.redfin.com/CA/San-Francisco/21-San-Pablo-Ave-94127/home/1645415,San Francisco MLS,505983,N,Y,37.7398447,-122.4610323
MLS Listing,,Single Family Residential,90 Ord St,San Francisco,CA,94114,1595000,2,1.0,Corona Heights,1540,2186,1931,2,1036,,Active,,,http://www.redfin.com/CA/San-Francisco/90-Ord-St-94114/home/672723,San Francisco MLS,506243,N,Y,37.7624055,-122.4403694
MLS Listing,,Single Family Residential,3828 21st St,San Francisco,CA,94114,3395000,3,2.5,Eureka Valley/Dolore,3145,2850,1905,2,1079,,Active,,,http://www.redfin.com/CA/San-Francisco/3828-21st-St-94114/home/1405448,San Francisco MLS,506769,N,Y,37.756426,-122.433085
MLS Listing,,Townhouse,1732 20th Ave,San Francisco,CA,94122,1288000,4,3.0,Central Sunset,2225,,2001,2,579,270,Active,,,http://www.redfin.com/CA/San-Francisco/1732-20th-Ave-94122/home/853477,San Francisco MLS,504916,N,Y,37.7554868,-122.4774426
MLS Listing,,Condo/Co-op,403 Main St Unit 514N,San Francisco,CA,94105,685000,1,1.0,South Beach,536,,1997,2,1278,529,Active,,,http://www.redfin.com/CA/San-Francisco/403-Main-St-94105/unit-514N/home/1653974,San Francisco MLS,506800,N,Y,37.7880767,-122.3896032
MLS Listing,,Single Family Residential,10 Olympia Way,San Francisco,CA,94131,1250000,3,2.0,Midtown Terrace,1270,3497,1957,2,984,,Active,,,http://www.redfin.com/CA/San-Francisco/10-Olympia-Way-94131/home/1782561,San Francisco MLS,506745,N,Y,37.7513978,-122.4524076
MLS Listing,,Single Family Residential,348 Pope St,San Francisco,CA,94112,999000,3,2.0,Crocker Amazon,1654,2996,1929,2,604,,Active,,,http://www.redfin.com/CA/San-Francisco/348-Pope-St-94112/home/985764,San Francisco MLS,506426,N,Y,37.7108062,-122.4400333
MLS Listing,,Single Family Residential,3132 Balboa St,San Francisco,CA,94121,1449000,3,2.0,Outer Richmond,1710,2495,1921,2,847,,Active,,,http://www.redfin.com/CA/San-Francisco/3132-Balboa-St-94121/home/1555966,San Francisco MLS,505508,N,Y,37.7761458,-122.4926043
MLS Listing,,Condo/Co-op,555 Natoma St #2,San Francisco,CA,94103,1095000,2,2.0,South of Market,1260,,1999,2,869,438,Active,,,http://www.redfin.com/CA/San-Francisco/555-Natoma-St-94103/unit-2/home/906215,San Francisco MLS,506644,N,Y,37.7790211,-122.408896
MLS Listing,,Condo/Co-op,3057 25th St,San Francisco,CA,94110,949000,1,1.0,Inner Mission,905,,1937,2,1049,150,Active,,,http://www.redfin.com/CA/San-Francisco/3057-25th-St-94110/home/55244506,San Francisco MLS,506516,N,Y,37.7509604,-122.4110728
MLS Listing,,Condo/Co-op,300 Berry St #716,San Francisco,CA,94158,769000,1,1.0,Mission Bay,666,,2009,2,1155,527,Active,,,http://www.redfin.com/CA/San-Francisco/300-Berry-St-94158/unit-716/home/23424430,San Francisco MLS,506693,N,Y,37.7739297,-122.3962408
MLS Listing,,Condo/Co-op,1521 Sutter St #205,San Francisco,CA,94109,995000,2,2.0,Lower Pacific Height,,,2008,3,,509,Active,,,http://www.redfin.com/CA/San-Francisco/1521-Sutter-St-94109/unit-205/home/21966398,San Francisco MLS,506709,N,Y,37.7867325,-122.4259192
MLS Listing,,Multi-Family (2-4 Unit),274 San Carlos St,SAN FRANCISCO,CA,94110,1680000,4,,SAN FRANCISCO,1794,1873,1900,3,936,,Active,,,http://www.redfin.com/CA/San-Francisco/274-San-Carlos-St-94110/home/1558127,MLSListings,ML81812374,N,Y,37.7589998,-122.4200764
MLS Listing,,Condo/Co-op,999 Green St #1203,San Francisco,CA,94133,1425000,1,1.5,Russian Hill,906,,1964,3,1573,943,Active,,,http://www.redfin.com/CA/San-Francisco/999-Green-St-94133/unit-1203/home/542018,San Francisco MLS,506345,N,Y,37.7984466,-122.4152176
MLS Listing,,Condo/Co-op,240 Lombard St #936,San Francisco,CA,94111,699000,1,1.0,North Waterfront,620,,1993,3,1127,963,Active,,,http://www.redfin.com/CA/San-Francisco/240-Lombard-St-94111/unit-936/home/1902892,San Francisco MLS,506689,N,Y,37.8042439,-122.4055041
MLS Listing,,Single Family Residential,18 Fair Ave,San Francisco,CA,94110,1595000,3,1.5,Bernal Heights,1361,1586,1910,3,1172,,Active,,,http://www.redfin.com/CA/San-Francisco/18-Fair-Ave-94110/home/758399,San Francisco MLS,506784,N,Y,37.7452863,-122.4195888
MLS Listing,,Single Family Residential,1942 31st Ave,San Francisco,CA,94116,1449000,3,2.0,Parkside,2030,3000,1942,3,714,,Active,,,http://www.redfin.com/CA/San-Francisco/1942-31st-Ave-94116/home/645590,San Francisco MLS,506531,N,Y,37.750994,-122.488811
MLS Listing,,Condo/Co-op,59 Mirabel Ave,San Francisco,CA,94110,1175000,2,1.0,Bernal Heights,905,,1925,3,1298,,Active,,,http://www.redfin.com/CA/San-Francisco/59-Mirabel-Ave-94110/home/110051882,San Francisco MLS,505720,N,Y,37.7467684,-122.4161653
MLS Listing,,Condo/Co-op,3855 18th St Unit A,San Francisco,CA,94114,599000,0,1.0,Eureka Valley/Dolore,444,,1885,3,1349,250,Active,,,http://www.redfin.com/CA/San-Francisco/3855-18th-St-94114/unit-A/home/12402555,San Francisco MLS,504502,N,Y,37.7610525,-122.4295916
MLS Listing,,Multi-Family (2-4 Unit),1331 12th Ave,San Francisco,CA,94122,1795000,4,3.0,Inner Sunset,2304,3000,1904,3,779,,Active,,,http://www.redfin.com/CA/San-Francisco/1331-12th-Ave-94122/home/1500265,San Francisco MLS,506772,N,Y,37.76326,-122.469808
MLS Listing,,Multi-Family (2-4 Unit),2053-2055 Filbert St,San Francisco,CA,94123,3895000,6,4.0,Cow Hollow,5515,3781,1977,3,706,,Active,,,http://www.redfin.com/CA/San-Francisco/2053-Filbert-St-94123/home/1483183,San Francisco MLS,506592,N,Y,37.7980311,-122.4333446
MLS Listing,,Condo/Co-op,401 Harrison St Unit 10F,San Francisco,CA,94105,1595000,2,2.0,South Beach,1240,,2014,3,1286,1354,Active,,,http://www.redfin.com/CA/San-Francisco/401-Harrison-St-94105/unit-10F/home/105632339,San Francisco MLS,506770,N,Y,37.7864989,-122.3921487
MLS Listing,,Condo/Co-op,455 Vallejo St #111,San Francisco,CA,94133,900000,1,1.0,Telegraph Hill,825,,1973,3,1091,661,Active,,,http://www.redfin.com/CA/San-Francisco/455-Vallejo-St-94133/unit-111/home/1029534,San Francisco MLS,506604,N,Y,37.7987932,-122.4047886
MLS Listing,,Condo/Co-op,190 Cervantes Blvd #103,San Francisco,CA,94123,869000,1,1.0,Marina,775,,1992,3,1121,375,Active,,,http://www.redfin.com/CA/San-Francisco/190-Cervantes-Blvd-94123/unit-103/home/1466799,San Francisco MLS,506662,N,Y,37.8049611,-122.440363
MLS Listing,,Single Family Residential,447 Connecticut St,San Francisco,CA,94107,2995000,4,3.0,Potrero Hill,2673,2495,1907,3,1120,,Active,,,http://www.redfin.com/CA/San-Francisco/447-Connecticut-St-94107/home/1687303,San Francisco MLS,505977,N,Y,37.7605853,-122.3971046
MLS Listing,,Condo/Co-op,1216 47th 47th Ave,SAN FRANCISCO,CA,94122,1188800,3,3.0,SAN FRANCISCO,1315,3049,1999,3,904,,Active,,,http://www.redfin.com/CA/San-Francisco/1216-47th-Ave-94122/home/1625552,MLSListings,ML81812317,N,Y,37.763698,-122.506904
MLS Listing,,Condo/Co-op,555 Fulton St #214,San Francisco,CA,94102,719000,1,1.0,Hayes Valley,701,,,3,1026,680,Active,,,http://www.redfin.com/CA/San-Francisco/555-Fulton-St-94102/unit-214/home/173271783,San Francisco MLS,506774,N,Y,37.7781581,-122.4261091
MLS Listing,,Condo/Co-op,818 Van Ness Ave #804,San Francisco,CA,94109,999999,1,1.5,San Francisco,895,,2008,3,1117,623,Active,,,http://www.redfin.com/CA/San-Francisco/818-Van-Ness-Ave-94109/unit-804/home/39591605,"bridgeMLS, Bay East AOR, or Contra Costa AOR",40922137,N,Y,37.7832423,-122.4204784
MLS Listing,,Condo/Co-op,3428 22nd St,San Francisco,CA,94110,1998000,3,2.0,Noe Valley,2968,,1900,3,673,300,Active,,,http://www.redfin.com/CA/San-Francisco/3428-22nd-St-94110/home/173271691,San Francisco MLS,506457,N,Y,37.7552519,-122.423875
MLS Listing,,Condo/Co-op,3555 Jackson St #4,San Francisco,CA,94118,2188000,3,2.0,Presidio Heights,1567,,1913,3,1396,764,Active,,,http://www.redfin.com/CA/San-Francisco/3555-Jackson-St-94118/unit-4/home/585746,San Francisco MLS,506742,N,Y,37.7898163,-122.4532519
MLS Listing,,Condo/Co-op,140 South Van Ness Ave #909,San Francisco,CA,94103,879000,1,1.0,South of Market,795,,2002,3,1106,524,Active,,,http://www.redfin.com/CA/San-Francisco/140-S-Van-Ness-Ave-94103/unit-909/home/1458723,San Francisco MLS,505717,N,Y,37.7715637,-122.4188013
MLS Listing,,Multi-Family (2-4 Unit),3578-3582 20th St,San Francisco,CA,94110,2495000,,,Inner Mission,4299,2121,1905,3,580,,Active,,,http://www.redfin.com/CA/San-Francisco/3578-20th-St-94110/unit-3582/home/716826,San Francisco MLS,504648,N,Y,37.7587374,-122.420742
MLS Listing,,Single Family Residential,3001 Castro St,San Francisco,CA,94131,2195000,4,3.0,Glen Park,2670,2657,1927,3,822,,Active,,,http://www.redfin.com/CA/San-Francisco/3001-Castro-St-94131/home/1480890,San Francisco MLS,504738,N,Y,37.7357999,-122.4324067
MLS Listing,,Multi-Family (2-4 Unit),863 Carolina St,San Francisco,CA,94107,2750000,7,7.0,Potrero Hill,5247,2495,,3,524,,Active,,,http://www.redfin.com/CA/San-Francisco/863-Carolina-St-94107/home/1981120,San Francisco MLS,505728,N,Y,37.7577428,-122.3996602
MLS Listing,,Condo/Co-op,555 4th St #430,San Francisco,CA,94107,799000,1,1.0,South Beach,721,,,3,1108,608,Active,,,http://www.redfin.com/CA/San-Francisco/555-4th-St-94107/unit-430/home/22890234,San Francisco MLS,506751,N,Y,37.7794218,-122.3967124
MLS Listing,,Condo/Co-op,635 Capp St Unit A,San Francisco,CA,94110,895000,2,1.0,Inner Mission,,,1907,3,,420,Active,,,http://www.redfin.com/CA/San-Francisco/635-Capp-St-94110/unit-A/home/166899801,San Francisco MLS,506747,N,Y,37.7565742,-122.417548
MLS Listing,,Multi-Family (2-4 Unit),136-138 Baker St,San Francisco,CA,94117,1850000,,,Haight Ashbury,3400,2422,1924,3,544,,Active,,,http://www.redfin.com/CA/San-Francisco/136-Baker-St-94117/unit-138/home/1588228,San Francisco MLS,505183,N,Y,37.7723562,-122.440318
MLS Listing,,Condo/Co-op,32 Walter St,San Francisco,CA,94114,2487000,4,3.0,Duboce Triangle,2405,,1900,3,1034,437,Active,,,http://www.redfin.com/CA/San-Francisco/32-Walter-St-94114/home/1951943,San Francisco MLS,506616,N,Y,37.768628,-122.432682
MLS Listing,,Condo/Co-op,394 Fair Oaks St #3,San Francisco,CA,94110,1695000,2,2.0,Noe Valley,1727,,1900,3,981,403,Active,,,http://www.redfin.com/CA/San-Francisco/394-Fair-Oaks-St-94110/unit-3/home/1400378,San Francisco MLS,506405,N,Y,37.7504244,-122.424116
MLS Listing,,Condo/Co-op,255 Berry St #705,San Francisco,CA,94158,1485000,2,2.0,Mission Bay,1281,,2004,3,1159,817,Active,,,http://www.redfin.com/CA/San-Francisco/255-Berry-St-94158/unit-705/home/1197067,San Francisco MLS,506706,N,Y,37.7741864,-122.3947434
MLS Listing,,Multi-Family (2-4 Unit),2787-89 Bryant St,San Francisco,CA,94110,2950000,5,2.0,Inner Mission,3195,2330,1928,3,923,,Active,,,http://www.redfin.com/CA/San-Francisco/2787-Bryant-St-94110/home/1791993,San Francisco MLS,505456,N,Y,37.7498032,-122.408525
MLS Listing,,Single Family Residential,731 8th Ave,San Francisco,CA,94118,2195000,4,2.5,Inner Richmond,2364,2996,1913,3,929,,Active,,,http://www.redfin.com/CA/San-Francisco/731-8th-Ave-94118/home/1969473,San Francisco MLS,506273,N,Y,37.7746481,-122.4661957
MLS Listing,,Single Family Residential,220 Evelyn Way,San Francisco,CA,94127,1385000,3,1.0,Miraloma Park,1006,1781,1945,3,1377,,Active,,,http://www.redfin.com/CA/San-Francisco/220-Evelyn-Way-94127/home/1938856,San Francisco MLS,505643,N,Y,37.7428535,-122.4501531
MLS Listing,,Single Family Residential,3407 N Alemany Blvd,San Francisco,CA,94132,995000,2,1.0,Outer Mission,900,1655,1948,3,1106,,Active,,,http://www.redfin.com/CA/San-Francisco/3407-Alemany-Blvd-94132/home/830139,San Francisco MLS,505716,N,Y,37.7109723,-122.4628191
MLS Listing,,Single Family Residential,517 8th Ave,San Francisco,CA,94118,2595000,4,3.0,Inner Richmond,,3000,1907,3,,,Active,,,http://www.redfin.com/CA/San-Francisco/517-8th-Ave-94118/home/616103,San Francisco MLS,506443,N,Y,37.7785775,-122.4665163
MLS Listing,,Single Family Residential,2715 Scott St,San Francisco,CA,94123,10998000,5,4.5,Pacific Heights,,4673,1912,3,,,Active,,,http://www.redfin.com/CA/San-Francisco/2715-Scott-St-94123/home/1882968,San Francisco MLS,506310,N,Y,37.7952323,-122.4404646
MLS Listing,,Condo/Co-op,1200 California St Unit 27C,San Francisco,CA,94109,4500000,2,3.0,Nob Hill,2300,,1962,3,1957,3639,Active,,,http://www.redfin.com/CA/San-Francisco/1200-California-St-94109/unit-27C/home/12400930,San Francisco MLS,506070,N,Y,37.7917486,-122.4144729
MLS Listing,,Vacant Land,332 Bradford St,SAN FRANCISCO,CA,94110,575000,,,SAN FRANCISCO,,1751,,3,,,Active,,,http://www.redfin.com/CA/San-Francisco/332-Bradford-St-94110/home/110063904,MLSListings,ML81812201,N,Y,37.737667,-122.409874
MLS Listing,,Condo/Co-op,1501 8th Ave Unit F,San Francisco,CA,94122,939000,2,1.0,Inner Sunset,928,,1914,3,1012,550,Active,,,http://www.redfin.com/CA/San-Francisco/1501-8th-Ave-94122/unit-F/home/635405,San Francisco MLS,506713,N,Y,37.7601554,-122.4651895
MLS Listing,,Single Family Residential,256 Chenery St,San Francisco,CA,94131,2995000,4,3.5,Glen Park,2872,2330,1908,3,1043,,Active,,,http://www.redfin.com/CA/San-Francisco/256-Chenery-St-94131/home/808206,San Francisco MLS,506723,N,Y,37.738087,-122.4267499
MLS Listing,,Condo/Co-op,999 Green St #2002,San Francisco,CA,94133,3495000,3,3.0,Russian Hill,1709,,1964,3,2045,2347,Active,,,http://www.redfin.com/CA/San-Francisco/999-Green-St-94133/unit-2002/home/1482828,San Francisco MLS,506638,N,Y,37.7984466,-122.4152176
MLS Listing,,Single Family Residential,140 Naglee Ave,San Francisco,CA,94131,959000,3,1.0,Outer Mission,1495,2000,1947,3,641,,Active,,,http://www.redfin.com/CA/San-Francisco/140-Naglee-Ave-94112/home/1829685,San Francisco MLS,505034,N,Y,37.7127345,-122.4472303
MLS Listing,,Condo/Co-op,879 39th Ave,San Francisco,CA,94121,1499000,5,2.0,Outer Richmond,2379,,1994,3,630,,Active,,,http://www.redfin.com/CA/San-Francisco/879-39th-Ave-94121/home/1732835,San Francisco MLS,506695,N,Y,37.772301,-122.499546
MLS Listing,,Condo/Co-op,881 39th,San Francisco,CA,94121,999000,3,2.0,Outer Richmond,1418,,1994,3,705,,Active,,,http://www.redfin.com/CA/San-Francisco/881-39th-Ave-94121/home/173267024,San Francisco MLS,506697,N,Y,37.7722964,-122.4994763
MLS Listing,,Single Family Residential,1507 18th Ave,San Francisco,CA,94122,1495000,3,2.5,Inner Sunset,2030,2374,1930,3,736,,Active,,,http://www.redfin.com/CA/San-Francisco/1507-18th-Ave-94122/home/1984972,San Francisco MLS,506583,N,Y,37.7596589,-122.4760131
MLS Listing,,Multi-Family (2-4 Unit),150-152 21st Ave,SAN FRANCISCO,CA,94121,2800000,7,,SAN FRANCISCO,4210,2996,1912,3,665,,Active,,,http://www.redfin.com/CA/San-Francisco/150-21st-Ave-94121/home/1261248,MLSListings,ML81812182,N,Y,37.7850056,-122.4804617
MLS Listing,,Condo/Co-op,1249 Rhode Island St,San Francisco,CA,94107,1049000,2,1.0,Potrero Hill,1030,,1911,3,1018,250,Active,,,http://www.redfin.com/CA/San-Francisco/1249-Rhode-Island-St-94107/home/1301153,San Francisco MLS,506557,N,Y,37.7539159,-122.401215
MLS Listing,,Single Family Residential,2464 15th Ave,San Francisco,CA,94116,1399000,3,2.0,Inner Parkside,1629,2996,1927,3,859,,Active,,,http://www.redfin.com/CA/San-Francisco/2464-15th-Ave-94116/home/1960173,San Francisco MLS,506647,N,Y,37.7420467,-122.471067
MLS Listing,,Single Family Residential,2001 18th Ave,San Francisco,CA,94116,899000,2,1.5,Inner Parkside,1040,1437,1940,3,864,,Active,,,http://www.redfin.com/CA/San-Francisco/2001-18th-Ave-94116/home/1992704,San Francisco MLS,506587,N,Y,37.7504103,-122.4753167
MLS Listing,,Condo/Co-op,242 Jersey St,San Francisco,CA,94114,1249000,3,1.0,Noe Valley,1232,,1900,3,1014,125,Active,,,http://www.redfin.com/CA/San-Francisco/242-Jersey-St-94114/home/1177353,San Francisco MLS,506364,N,Y,37.7508853,-122.4305996
MLS Listing,,Condo/Co-op,212 Noe St,San Francisco,CA,94114,1100000,2,1.0,Duboce Triangle,,,1905,3,,,Active,,,http://www.redfin.com/CA/San-Francisco/212-Noe-St-94114/home/173265149,San Francisco MLS,504554,N,Y,37.7656185,-122.433408
MLS Listing,,Condo/Co-op,210 Noe St,San Francisco,CA,94114,1295000,2,1.0,Duboce Triangle,,,1905,3,,,Active,,,http://www.redfin.com/CA/San-Francisco/210-Noe-St-94114/home/1741943,San Francisco MLS,504551,N,Y,37.7655661,-122.4335608
MLS Listing,,Single Family Residential,68 Richardson Ave,SAN FRANCISCO,CA,94123,1140000,1,1.0,SAN FRANCISCO,898,618,1940,4,1269,,Active,,,http://www.redfin.com/CA/San-Francisco/68-Richardson-Ave-94123/home/582302,MLSListings,ML81812165,N,Y,37.7993131,-122.4452261
MLS Listing,,Condo/Co-op,1046 Sanchez St,San Francisco,CA,94114,1795000,3,1.0,San Francisco County,1443,2650,1900,4,1244,400,Active,,,http://www.redfin.com/CA/San-Francisco/1046-Sanchez-St-94114/home/1526557,BAREIS,22022856,N,Y,37.752464,-122.430056
MLS Listing,,Condo/Co-op,116-118 Terra Vista Ave #116,San Francisco,CA,94115,1198000,2,1.0,Anza Vista,1356,,1950,4,883,,Active,,,http://www.redfin.com/CA/San-Francisco/116-Terra-Vista-Ave-94115/unit-116/home/173262512,San Francisco MLS,506103,N,Y,37.7815555,-122.444094
MLS Listing,,Multi-Family (2-4 Unit),158-160 Alpine Ter,San Francisco,CA,94117,2800000,6,4.0,Buena Vista Park,2960,2250,1906,4,946,,Active,,,http://www.redfin.com/CA/San-Francisco/158-Alpine-Ter-94117/home/1701847,San Francisco MLS,506281,N,Y,37.7679459,-122.4376154
MLS Listing,,Condo/Co-op,555 Innes Ave #310,San Francisco,CA,94124,575000,1,1.0,Bayview,611,,2016,4,941,407,Active,,,http://www.redfin.com/CA/San-Francisco/555-Innes-Ave-94124/unit-310/home/144017359,"bridgeMLS, Bay East AOR, or Contra Costa AOR",40921988,N,Y,37.7275689,-122.3672585
MLS Listing,,Condo/Co-op,3553 Divisadero St,SAN FRANCISCO,CA,94123,2395000,3,2.0,SAN FRANCISCO,2199,,1928,4,1089,300,Active,,,http://www.redfin.com/CA/San-Francisco/3553-Divisadero-St-94123/home/860251,MLSListings,ML81812136,N,Y,37.8025338,-122.4436258
MLS Listing,,Single Family Residential,381 Mangels Ave,San Francisco,CA,94127,1495000,4,2.5,Sunnyside,1906,2809,1961,4,784,,Active,,,http://www.redfin.com/CA/San-Francisco/381-Mangels-Ave-94127/home/1960556,San Francisco MLS,506645,N,Y,37.732986,-122.4462215
MLS Listing,,Single Family Residential,1972 11th Ave,San Francisco,CA,94116,1750000,4,2.0,Golden Gate Heights,2507,3994,1953,4,698,,Active,,,http://www.redfin.com/CA/San-Francisco/1972-11th-Ave-94116/home/647182,San Francisco MLS,502667,N,Y,37.7517185,-122.467445
MLS Listing,,Condo/Co-op,625 Larkin St #7,San Francisco,CA,94109,649000,2,1.5,Tenderloin,858,,1990,4,756,464,Active,,,http://www.redfin.com/CA/San-Francisco/625-Larkin-St-94109/unit-7/home/17306072,San Francisco MLS,506624,N,Y,37.7836242,-122.4178616
MLS Listing,,Condo/Co-op,1455 Laguna St #3,SAN FRANCISCO,CA,94115,575000,2,1.0,SAN FRANCISCO,850,,1963,4,676,761,Active,,,http://www.redfin.com/CA/San-Francisco/1455-Laguna-St-94115/unit-3/home/12401201,MLSListings,ML81812123,N,Y,37.7842428,-122.4286183
MLS Listing,,Condo/Co-op,291 Lexington St,San Francisco,CA,94110,749000,1,1.0,Inner Mission,690,,,4,1086,175,Active,,,http://www.redfin.com/CA/San-Francisco/291-Lexington-St-94110/home/28579424,San Francisco MLS,506523,N,Y,37.75888,-122.4204361
MLS Listing,,Condo/Co-op,401 Harrison St Unit 34F,San Francisco,CA,94105,1448000,1,1.0,South Beach,830,,2014,4,1745,1274,Active,,,http://www.redfin.com/CA/San-Francisco/401-Harrison-St-94105/unit-34F/home/105435889,San Francisco MLS,506686,N,Y,37.7864989,-122.3921487
MLS Listing,,Condo/Co-op,2875 21st St #1,San Francisco,CA,94110,1495000,2,2.5,Inner Mission,1654,,1999,4,904,439,Active,,,http://www.redfin.com/CA/San-Francisco/2875-21st-St-94110/unit-1/home/12396609,San Francisco MLS,506690,N,Y,37.7572002,-122.4118053
MLS Listing,,Condo/Co-op,1740 Bancroft Ave #357,San Francisco,CA,94124,421191,2,1.0,Bayview,1117,,2009,4,377,434,Active,,,http://www.redfin.com/CA/San-Francisco/1740-Bancroft-Ave-94124/unit-357/home/40457176,San Francisco MLS,506665,N,Y,37.7273845,-122.3950843
MLS Listing,,Condo/Co-op,2147 Bay St Unit A,San Francisco,CA,94123,850000,1,1.0,Marina,690,,1928,4,1232,176,Active,,,http://www.redfin.com/CA/San-Francisco/2147-Bay-St-94123/unit-A/home/173259200,San Francisco MLS,506640,N,Y,37.801668,-122.44232
MLS Listing,,Single Family Residential,1338 Noe St,San Francisco,CA,94131,2150000,2,2.5,Noe Valley,1755,2226,1910,4,1225,,Active,,,http://www.redfin.com/CA/San-Francisco/1338-Noe-St-94131/home/1544509,San Francisco MLS,506499,N,Y,37.7475977,-122.4316945
MLS Listing,,Condo/Co-op,433 2nd Ave,San Francisco,CA,94118,1250000,2,1.0,Inner Richmond,1455,,1912,4,859,300,Active,,,http://www.redfin.com/CA/San-Francisco/433-2nd-Ave-94118/home/173251541,San Francisco MLS,505998,N,Y,37.7805111,-122.4602584
MLS Listing,,Condo/Co-op,431 2nd Ave,San Francisco,CA,94118,1350000,3,1.0,Inner Richmond,1672,,1912,4,807,300,Active,,,http://www.redfin.com/CA/San-Francisco/431-2nd-Ave-94118/home/1181917,San Francisco MLS,505995,N,Y,37.7805135,-122.4602766
MLS Listing,,Single Family Residential,25 Hartford St,San Francisco,CA,94114,2595000,3,2.5,Eureka Valley/Dolore,1935,3125,1901,4,1341,,Active,,,http://www.redfin.com/CA/San-Francisco/25-Hartford-St-94114/home/1157214,San Francisco MLS,504737,N,Y,37.762144,-122.433691
MLS Listing,,Single Family Residential,546 44th Ave,San Francisco,CA,94121,2200000,4,3.0,Outer Richmond,3075,3000,1926,4,715,,Active,,,http://www.redfin.com/CA/San-Francisco/546-44th-Ave-94121/home/1402889,San Francisco MLS,506129,N,Y,37.7782215,-122.5047195
MLS Listing,,Condo/Co-op,1 Federal St #5,San Francisco,CA,94107,815000,1,1.0,South Beach,762,,2003,4,1070,711,Active,,,http://www.redfin.com/CA/San-Francisco/1-Federal-St-94107/unit-5/home/1991209,San Francisco MLS,506658,N,Y,37.7839667,-122.3911119
MLS Listing,,Condo/Co-op,2555 Leavenworth St #201,San Francisco,CA,94133,1095000,2,2.0,Russian Hill,952,,1961,4,1150,666,Active,,,http://www.redfin.com/CA/San-Francisco/2555-Leavenworth-St-94133/unit-201/home/1197554,San Francisco MLS,506562,N,Y,37.8046931,-122.4187086
MLS Listing,,Condo/Co-op,1628 Vallejo St #4,San Francisco,CA,94123,2850000,2,2.0,Pacific Heights,1800,,1985,4,1583,411,Active,,,http://www.redfin.com/CA/San-Francisco/1628-Vallejo-St-94123/unit-4/home/1925911,San Francisco MLS,504135,N,Y,37.7967551,-122.4248963
MLS Listing,,Single Family Residential,3388 Clay St,San Francisco,CA,94118,8900000,5,5.0,Presidio Heights,5351,3510,1908,4,1663,,Active,,,http://www.redfin.com/CA/San-Francisco/3388-Clay-St-94118/home/1499180,San Francisco MLS,504745,N,Y,37.7891285,-122.4486444
MLS Listing,,Condo/Co-op,2401 45th Ave #3,San Francisco,CA,94116,850000,2,1.0,Outer Parkside,900,,1961,4,944,100,Active,,,http://www.redfin.com/CA/San-Francisco/2401-45th-Ave-94116/unit-3/home/173255131,San Francisco MLS,504280,N,Y,37.7416604,-122.5037261
MLS Listing,,Condo/Co-op,115 Summit Way,San Francisco,CA,94132,1498000,3,2.5,Merced Heights,2024,1525,2015,4,740,306,Active,,,http://www.redfin.com/CA/San-Francisco/115-Summit-Way-94132/home/109686933,"bridgeMLS, Bay East AOR, or Contra Costa AOR",40921923,N,Y,37.7152273,-122.4757461
MLS Listing,,Single Family Residential,119 Crescent Ave,San Francisco,CA,94110,1095000,3,1.0,Bernal Heights,1484,2500,1905,4,738,,Active,,,http://www.redfin.com/CA/San-Francisco/119-Crescent-Way-94134/home/1397068,San Francisco MLS,506657,N,Y,37.735386,-122.42225
MLS Listing,,Condo/Co-op,1461 Broadway #401,San Francisco,CA,94109,1198000,2,2.0,Nob Hill,1050,,1981,4,1141,705,Active,,,http://www.redfin.com/CA/San-Francisco/1461-Broadway-94109/unit-401/home/1483404,San Francisco MLS,504075,N,Y,37.7957072,-122.4212625
MLS Listing,,Condo/Co-op,224 Lexington St,San Francisco,CA,94110,1195000,2,1.0,San Francisco County,1100,1750,1906,4,1086,500,Active,,,http://www.redfin.com/CA/San-Francisco/224-Lexington-St-94110/home/110052302,BAREIS,22022773,N,Y,37.759644,-122.420803
MLS Listing,,Single Family Residential,437 Valley St,San Francisco,CA,94131,1990000,3,2.0,Noe Valley,,2848,1927,4,,,Active,,,http://www.redfin.com/CA/San-Francisco/437-Valley-St-94131/home/1956500,San Francisco MLS,501642,N,Y,37.7440309,-122.4320927
MLS Listing,,Condo/Co-op,2920 Buchanan St #8,San Francisco,CA,94123,1195000,1,1.0,Cow Hollow,950,,1964,4,1258,477,Active,,,http://www.redfin.com/CA/San-Francisco/2920-Buchanan-St-94123/unit-8/home/561452,San Francisco MLS,506315,N,Y,37.797112,-122.4317873
MLS Listing,,Single Family Residential,3041 Laguna,San Francisco,CA,94123,5995000,5,4.5,Cow Hollow,3774,,,4,1589,,Active,,,http://www.redfin.com/CA/San-Francisco/3041-Laguna-St-94123/home/1903310,San Francisco MLS,504919,N,Y,37.7992074,-122.4311395
MLS Listing,,Condo/Co-op,1631 Oakdale Ave,San Francisco,CA,94124,1195000,3,2.5,Bayview,1595,,2020,4,749,346,Active,,,http://www.redfin.com/CA/San-Francisco/1631-Oakdale-Ave-94124/home/88366495,San Francisco MLS,506656,N,Y,37.734952,-122.391494
MLS Listing,,Single Family Residential,317 Marietta Dr,San Francisco,CA,94127,1645000,4,3.0,Miraloma Park,1460,2813,1961,4,1127,,Active,,,http://www.redfin.com/CA/San-Francisco/317-Marietta-Dr-94127/home/1063289,San Francisco MLS,506274,N,Y,37.7393666,-122.4439785
MLS Listing,,Vacant Land,1947 B Palou Ave,San Francisco,CA,94124,578000,,,Silver Terrace,,2495,,4,,,Active,,,http://www.redfin.com/CA/San-Francisco/1947-Palou-Ave-94124/home/2017076,San Francisco MLS,505845,N,Y,37.7375769,-122.3975556
MLS Listing,,Vacant Land,1947 A Palou Ave,San Francisco,CA,94124,578000,,,Silver Terrace,,2495,,4,,,Active,,,http://www.redfin.com/CA/San-Francisco/1947-Palou-Ave-94124/home/946492,San Francisco MLS,505846,N,Y,37.7375769,-122.3975556
MLS Listing,,Condo/Co-op,81 Lansing St #303,San Francisco,CA,94105,899000,1,1.0,South Beach,900,,1995,4,999,786,Active,,,http://www.redfin.com/CA/San-Francisco/81-Lansing-St-94105/unit-303/home/1309389,San Francisco MLS,506311,N,Y,37.7856392,-122.3940066
MLS Listing,,Condo/Co-op,1200 California St Unit 23A,San Francisco,CA,94109,2495000,1,2.0,Nob Hill,1450,,1962,5,1721,2166,Active,,,http://www.redfin.com/CA/San-Francisco/1200-California-St-94109/unit-23A/home/12400925,San Francisco MLS,506223,N,Y,37.7917486,-122.4144729
MLS Listing,,Condo/Co-op,47 Octavia St,San Francisco,CA,94102,920000,2,1.5,Hayes Valley,1192,,1900,5,772,371,Active,,,http://www.redfin.com/CA/San-Francisco/47-Octavia-St-94102/home/1618067,San Francisco MLS,505529,N,Y,37.7726917,-122.4240021
MLS Listing,,Condo/Co-op,555 4th St #750,SAN FRANCISCO,CA,94107,1188000,2,2.0,SAN FRANCISCO,1045,,2008,5,1137,684,Active,,,http://www.redfin.com/CA/San-Francisco/555-4th-St-94107/unit-750/home/12402190,MLSListings,ML81811956,N,Y,37.7794218,-122.3967124
MLS Listing,,Condo/Co-op,301 Main St Unit 9D,SAN FRANCISCO,CA,94105,1495000,2,2.0,SAN FRANCISCO,1317,,2008,5,1135,986,Active,,,http://www.redfin.com/CA/San-Francisco/301-Main-St-94105/unit-9D/home/21967036,MLSListings,ML81811953,N,Y,37.7895974,-122.3911965
MLS Listing,,Single Family Residential,319 Arkansas St,San Francisco,CA,94107,1825000,2,1.0,Potrero Hill,,2500,1991,5,,,Active,,,http://www.redfin.com/CA/San-Francisco/319-Arkansas-St-94107/home/1502573,San Francisco MLS,504026,N,Y,37.7620964,-122.3981556
MLS Listing,,Condo/Co-op,321 Haight St,San Francisco,CA,94102,1595000,3,2.0,Hayes Valley,2655,,1907,5,601,400,Active,,,http://www.redfin.com/CA/San-Francisco/321-Haight-St-94102/home/148057225,San Francisco MLS,506623,N,Y,37.772394,-122.4275539
MLS Listing,,Condo/Co-op,555 4th St #403,San Francisco,CA,94107,1050000,2,2.0,South Beach,981,,2006,5,1070,674,Active,,,http://www.redfin.com/CA/San-Francisco/555-4th-St-94107/unit-403/home/22887878,San Francisco MLS,505306,N,Y,37.7794218,-122.3967124
MLS Listing,,Condo/Co-op,1155 Leavenworth St #22,San Francisco,CA,94109,649000,1,1.0,Nob Hill,,,1911,5,,310,Active,,,http://www.redfin.com/CA/San-Francisco/1155-Leavenworth-St-94109/unit-22/home/102813060,San Francisco MLS,506546,N,Y,37.7919759,-122.4161542
MLS Listing,,Condo/Co-op,28 Virginia Ave,SAN FRANCISCO,CA,94110,765000,1,1.0,SAN FRANCISCO,443,,1925,5,1727,150,Active,,,http://www.redfin.com/CA/San-Francisco/28-Virginia-Ave-94110/home/40629236,MLSListings,ML81811938,N,Y,37.742809,-122.42101
MLS Listing,,Condo/Co-op,142 Russ St #1,San Francisco,CA,94103,1049000,2,2.0,South of Market,1352,,1999,5,776,489,Active,,,http://www.redfin.com/CA/San-Francisco/142-Russ-St-94103/unit-1/home/12395781,San Francisco MLS,506625,N,Y,37.7781533,-122.4078088
MLS Listing,,Condo/Co-op,611 Washington #2402,San Francisco,CA,94111,3998000,2,2.5,Financial District,2624,,1984,5,1524,2006,Active,,,http://www.redfin.com/CA/San-Francisco/611-Washington-St-94111/unit-2402/home/546587,San Francisco MLS,506333,N,Y,37.7952121,-122.4036474
MLS Listing,,Condo/Co-op,785 Golden Gate Ave #304,San Francisco,CA,94102,599000,1,1.0,Van Ness/Civic Center,715,,1983,5,838,592,Active,,,http://www.redfin.com/CA/San-Francisco/785-Golden-Gate-Ave-94102/unit-304/home/578826,San Francisco MLS,506591,N,Y,37.7803831,-122.4234635
MLS Listing,,Condo/Co-op,1310 Fillmore St #308,San Francisco,CA,94115,798000,1,1.0,Western Addition,744,,2007,5,1073,758,Active,,,http://www.redfin.com/CA/San-Francisco/1310-Fillmore-St-94115/unit-308/home/17306837,San Francisco MLS,506017,N,Y,37.7819513,-122.4319769
MLS Listing,,Single Family Residential,752 Madrid St,San Francisco,CA,94112,999000,2,1.0,Excelsior,1309,2500,1954,5,763,,Active,,,http://www.redfin.com/CA/San-Francisco/752-Madrid-St-94112/home/1940088,San Francisco MLS,505447,N,Y,37.7177436,-122.4360078
MLS Listing,,Condo/Co-op,3426 22nd St,San Francisco,CA,94110,1495000,2,2.0,Noe Valley,,,1900,5,,250,Active,,,http://www.redfin.com/CA/San-Francisco/3426-22nd-St-94110/home/1702949,San Francisco MLS,506325,N,Y,37.7553001,-122.4238792
MLS Listing,,Condo/Co-op,1201 California St #403,San Francisco,CA,94109,850000,1,1.0,Nob Hill,849,,1927,5,1001,999,Active,,,http://www.redfin.com/CA/San-Francisco/1201-California-St-94109/unit-403/home/12400936,San Francisco MLS,505924,N,Y,37.7910767,-122.4143391
MLS Listing,,Multi-Family (2-4 Unit),2046 Grove St,San Francisco,CA,94117,1995000,4,2.0,North Panhandle,3140,3438,1925,5,635,,Active,,,http://www.redfin.com/CA/San-Francisco/2046-Grove-St-94117/home/1788696,San Francisco MLS,505196,N,Y,37.774639,-122.450354
MLS Listing,,Condo/Co-op,8 Landers St #103,San Francisco,CA,94114,948000,1,1.0,Mission Dolores,,,,5,,427,Active,,,http://www.redfin.com/CA/San-Francisco/8-Landers-St-94114/unit-103/home/12402436,San Francisco MLS,506576,N,Y,37.7675476,-122.4280323
MLS Listing,,Multi-Family (2-4 Unit),130 Grand View Ave,San Francisco,CA,94114,2295000,4,,Eureka Valley/Dolore,3353,2495,1961,5,684,,Active,,,http://www.redfin.com/CA/San-Francisco/130-Grand-View-Ave-94131/home/676390,San Francisco MLS,506572,N,Y,37.7558547,-122.4402545
MLS Listing,,Condo/Co-op,1788 Clay St #801,SAN FRANCISCO,CA,94109,998000,1,1.0,SAN FRANCISCO,749,,2014,5,1332,659,Active,,,http://www.redfin.com/CA/San-Francisco/1788-Clay-St-94109/unit-801/home/110051367,MLSListings,ML81811863,N,Y,37.7925699,-122.4222498
MLS Listing,,Single Family Residential,428 15th Ave,San Francisco,CA,94118,995000,1,1.0,Central Richmond,625,2645,1900,5,1592,,Active,,,http://www.redfin.com/CA/San-Francisco/428-15th-Ave-94118/home/612796,San Francisco MLS,506566,N,Y,37.7799809,-122.473636
MLS Listing,,Single Family Residential,1230 11th Ave,San Francisco,CA,94122,2995000,5,3.0,Inner Sunset,3020,2996,1904,5,992,,Active,,,http://www.redfin.com/CA/San-Francisco/1230-11th-Ave-94122/home/1692839,San Francisco MLS,504513,N,Y,37.7652039,-122.4683737
MLS Listing,,Condo/Co-op,2040 Franklin St #1409,San Francisco,CA,94109,1699000,2,2.0,Pacific Heights,,,1966,5,,1012,Active,,,http://www.redfin.com/CA/San-Francisco/2040-Franklin-St-94109/unit-1409/home/1089522,San Francisco MLS,504230,N,Y,37.7935189,-122.4243158
MLS Listing,,Single Family Residential,10 Quartz Way,San Francisco,CA,94131,1895000,3,2.5,Diamond Heights,2104,2805,1962,5,901,,Active,,,http://www.redfin.com/CA/San-Francisco/10-Quartz-Way-94131/home/1057137,San Francisco MLS,506544,N,Y,37.745786,-122.445615
MLS Listing,,Condo/Co-op,1325 Divisadero St #205,San Francisco,CA,94115,649000,1,1.0,Anza Vista,605,,1925,5,1073,274,Active,,,http://www.redfin.com/CA/San-Francisco/1325-Divisadero-St-94115/unit-205/home/1659760,San Francisco MLS,506559,N,Y,37.7818978,-122.4395431
MLS Listing,,Condo/Co-op,1932 Webster St,San Francisco,CA,94115,1198000,2,1.0,Lower Pacific Height,,,,5,,,Active,,,http://www.redfin.com/CA/San-Francisco/1932-Webster-St-94115/home/1366759,San Francisco MLS,506535,N,Y,37.788694,-122.431849
MLS Listing,,Single Family Residential,333 Felton St,SAN FRANCISCO,CA,94134,988000,3,2.0,SAN FRANCISCO,1350,2500,1940,5,732,,Active,,,http://www.redfin.com/CA/San-Francisco/333-Felton-St-94134/home/2019748,MLSListings,ML81809951,N,Y,37.7289513,-122.4080901
MLS Listing,,Single Family Residential,34 Beverly St,San Francisco,CA,94132,1018000,2,1.0,Ingleside Heights,812,2495,1942,5,1254,,Active,,,http://www.redfin.com/CA/San-Francisco/34-Beverly-St-94132/home/1998132,San Francisco MLS,506263,N,Y,37.7167468,-122.4714694
MLS Listing,,Multi-Family (2-4 Unit),2532-2534 Lake St,San Francisco,CA,94121,1950000,6,3.0,Lake,3340,2500,1916,5,584,,Active,,,http://www.redfin.com/CA/San-Francisco/2532-Lake-St-94121/home/1692262,San Francisco MLS,503518,N,Y,37.785916,-122.4868551
MLS Listing,,Condo/Co-op,66 Cleary Ct #1403,San Francisco,CA,94109,980000,2,2.0,Western Addition,1200,,1963,5,817,962,Active,,,http://www.redfin.com/CA/San-Francisco/66-Cleary-Ct-94109/unit-1403/home/2026395,San Francisco MLS,506478,N,Y,37.7843846,-122.4269748
MLS Listing,,Condo/Co-op,840 Clipper Ter,San Francisco,CA,94114,1795000,2,2.0,Noe Valley,1762,,1908,5,1019,239,Active,,,http://www.redfin.com/CA/San-Francisco/840-Clipper-Ter-94114/home/866935,San Francisco MLS,505921,N,Y,37.7481878,-122.4429305
MLS Listing,,Condo/Co-op,151 Stoneridge Ln,San Francisco,CA,94134,697000,2,2.0,Crocker Amazon,1068,,1994,5,653,415,Active,,,http://www.redfin.com/CA/San-Francisco/151-Stoneridge-Ln-94134/home/793876,San Francisco MLS,504958,N,Y,37.71023,-122.426265
MLS Listing,,Condo/Co-op,201 Folsom St Unit 11F,San Francisco,CA,94105,1595000,2,2.0,South Beach,1191,,2016,5,1339,1180,Active,,,http://www.redfin.com/CA/San-Francisco/201-Folsom-St-94105/unit-11F/home/108551533,San Francisco MLS,504683,N,Y,37.7887059,-122.3922385
MLS Listing,,Multi-Family (2-4 Unit),3144-3146 Anza St,SAN FRANCISCO,CA,94121,1788000,4,,SAN FRANCISCO,2360,1646,1919,6,758,,Active,,,http://www.redfin.com/CA/San-Francisco/3144-Anza-St-94121/home/1611154,MLSListings,ML81811824,N,Y,37.7784754,-122.4822076
MLS Listing,,Condo/Co-op,1176 Union St,San Francisco,CA,94109,1550000,2,1.5,Russian Hill,,,1908,6,,350,Active,,,http://www.redfin.com/CA/San-Francisco/1176-Union-St-94109/home/173226165,San Francisco MLS,506548,N,Y,37.7993552,-122.418682
MLS Listing,,Condo/Co-op,1174 Union St,San Francisco,CA,94109,1450000,2,1.5,Russian Hill,,,1908,6,,350,Active,,,http://www.redfin.com/CA/San-Francisco/1174-Union-St-94109/home/173226146,San Francisco MLS,506545,N,Y,37.7994213,-122.4186122
MLS Listing,,Condo/Co-op,65 Hermann St #3,San Francisco,CA,94102,749000,1,1.0,Hayes Valley,,,1959,6,,395,Active,,,http://www.redfin.com/CA/San-Francisco/65-Hermann-St-94102/unit-3/home/1832577,San Francisco MLS,506536,N,Y,37.7704882,-122.426155
MLS Listing,,Condo/Co-op,2200 Pacific Ave Unit 3A,San Francisco,CA,94115,1495000,2,2.0,Pacific Heights,1856,,1962,6,805,1680,Active,,,http://www.redfin.com/CA/San-Francisco/2200-Pacific-Ave-94115/unit-3A/home/566779,San Francisco MLS,506046,N,Y,37.7939819,-122.4317719
MLS Listing,,Condo/Co-op,1200 California St Unit 7A,San Francisco,CA,94109,1295000,1,1.5,Nob Hill,1450,,1962,6,893,1699,Active,,,http://www.redfin.com/CA/San-Francisco/1200-California-St-94109/unit-7A/home/12400431,San Francisco MLS,506303,N,Y,37.7917486,-122.4144729
MLS Listing,,Condo/Co-op,1172 Union St,San Francisco,CA,94109,1300000,2,1.5,Russian Hill,,,1908,6,,350,Active,,,http://www.redfin.com/CA/San-Francisco/1172-Union-St-94109/home/1831016,San Francisco MLS,506395,N,Y,37.7994443,-122.4186085
MLS Listing,,Condo/Co-op,1009 Carolina St,San Francisco,CA,94107,1249000,2,2.5,Potrero Hill,1380,,1997,6,905,200,Active,,,http://www.redfin.com/CA/San-Francisco/1009-Carolina-St-94107/home/735221,San Francisco MLS,506440,N,Y,37.755901,-122.399467
MLS Listing,,Condo/Co-op,590 6th St #211,San Francisco,CA,94103,1095000,2,2.0,South of Market,1161,,2001,6,943,751,Active,,,http://www.redfin.com/CA/San-Francisco/590-6th-St-94103/unit-211/home/12397750,San Francisco MLS,505588,N,Y,37.7747326,-122.4015005
MLS Listing,,Single Family Residential,2107 Bush St,San Francisco,CA,94115,2295000,3,2.5,Lower Pacific Height,,,,6,,,Active,,,http://www.redfin.com/CA/San-Francisco/2107-Bush-St-94115/home/910721,San Francisco MLS,505799,N,Y,37.7870198,-122.4322265
MLS Listing,,Vacant Land,135 Wetmore St,San Francisco,CA,94108-1526,1995500,,,San Francisco,,2221,,7,,,Active,,,http://www.redfin.com/CA/San-Francisco/135-Wetmore-St-94108/home/1078059,"bridgeMLS, Bay East AOR, or Contra Costa AOR",40921732,N,Y,37.7942099,-122.4106455
MLS Listing,,Single Family Residential,2070 Beach St,San Francisco,CA,94123,3250000,4,3.5,Marina,2510,2500,1926,7,1295,,Active,,,http://www.redfin.com/CA/San-Francisco/2070-Beach-St-94123/home/2003454,San Francisco MLS,505303,N,Y,37.8039359,-122.4431672
MLS Listing,,Condo/Co-op,1485 Church St #4,San Francisco,CA,94131,735000,1,1.0,Noe Valley,,,,7,,225,Active,,,http://www.redfin.com/CA/San-Francisco/1485-Church-St-94131/unit-4/home/148061934,San Francisco MLS,506514,N,Y,37.7471785,-122.4267617
MLS Listing,,Condo/Co-op,2655 Bush St #330,San Francisco,CA,94115,1398000,2,2.0,Lower Pacific Height,1149,,2017,7,1217,843,Active,,,http://www.redfin.com/CA/San-Francisco/2655-Bush-St-94115/unit-330/home/113803325,San Francisco MLS,505602,N,Y,37.7858213,-122.4407699
MLS Listing,,Single Family Residential,729 Congo St,San Francisco,CA,94131,3685000,4,3.5,Glen Park,3350,1936,2013,7,1100,,Active,,,http://www.redfin.com/CA/San-Francisco/729-Congo-St-94131/home/28923056,San Francisco MLS,505875,N,Y,37.735557,-122.4417712
MLS Listing,,Single Family Residential,4363 S 26th St,San Francisco,CA,94131,2295000,2,1.0,Noe Valley,,,,7,,,Active,,,http://www.redfin.com/CA/San-Francisco/4363-26th-St-94131/home/908335,San Francisco MLS,505374,N,Y,37.7477184,-122.437395
MLS Listing,,Single Family Residential,45 Venus St,San Francisco,CA,94124,998000,3,2.0,Silver Terrace,1449,2421,1944,7,689,,Active,,,http://www.redfin.com/CA/San-Francisco/45-Venus-St-94124/home/1527146,San Francisco MLS,506117,N,Y,37.7318115,-122.3967174
MLS Listing,,Single Family Residential,2739 39th Ave,San Francisco,CA,94116,1288000,3,2.0,Outer Parkside,1399,2996,1954,7,921,,Active,,,http://www.redfin.com/CA/San-Francisco/2739-39th-Ave-94116/home/1773304,San Francisco MLS,505658,N,Y,37.7357623,-122.4969501
MLS Listing,,Condo/Co-op,2257 Fulton St,San Francisco,CA,94117,1199000,2,2.0,Lone Mountain,,,,7,,384,Active,,,http://www.redfin.com/CA/San-Francisco/2257-Fulton-St-94117/home/21909199,San Francisco MLS,506328,N,Y,37.77474,-122.4539088
MLS Listing,,Condo/Co-op,2177 3rd St #412,San Francisco,CA,94107,1595000,2,2.0,Central Waterfront,1108,,2020,7,1440,982,Active,,,http://www.redfin.com/CA/San-Francisco/2177-3rd-St-94107/unit-412/home/173222737,San Francisco MLS,506470,N,Y,37.7622702,-122.3882952
MLS Listing,,Condo/Co-op,3824 Scott St #6,San Francisco,CA,94123,875000,1,1.0,Marina,768,,1928,7,1139,450,Active,,,http://www.redfin.com/CA/San-Francisco/3824-Scott-St-94123/unit-6/home/1779517,San Francisco MLS,506030,N,Y,37.8050018,-122.4418972
MLS Listing,,Single Family Residential,170 Upper Ter,San Francisco,CA,94117,5250000,3,3.0,Buena Vista Park,3205,2439,1916,7,1638,,Active,,,http://www.redfin.com/CA/San-Francisco/170-Upper-Ter-94117/home/934320,San Francisco MLS,506224,N,Y,37.7644975,-122.4442528
MLS Listing,,Single Family Residential,3007 19th Ave,SAN FRANCISCO,CA,94132,1995000,6,4.0,SAN FRANCISCO,3758,6246,1941,7,531,,Active,,,http://www.redfin.com/CA/San-Francisco/3007-19th-Ave-94132/home/929274,MLSListings,ML81811702,N,Y,37.7322808,-122.4753167
MLS Listing,,Condo/Co-op,655 Guerrero St,San Francisco,CA,94110,1600000,3,1.0,Mission Dolores,1418,,1909,7,1128,300,Active,,,http://www.redfin.com/CA/San-Francisco/655-Guerrero-St-94110/home/861996,San Francisco MLS,505535,N,Y,37.760719,-122.423387
MLS Listing,,Condo/Co-op,1701 Jackson St #602,San Francisco,CA,94109,859000,1,1.0,Pacific Heights,743,,2001,7,1156,713,Active,,,http://www.redfin.com/CA/San-Francisco/1701-Jackson-St-94109/unit-602/home/1794021,San Francisco MLS,505555,N,Y,37.7934317,-122.4234277
MLS Listing,,Condo/Co-op,140 S Van Ness Ave #428,San Francisco,CA,94103,785000,1,1.0,Van Ness/Civic Center,795,,2002,7,987,524,Active,,,http://www.redfin.com/CA/San-Francisco/140-S-Van-Ness-Ave-94103/unit-428/home/878077,San Francisco MLS,506497,N,Y,37.7715637,-122.4188013
MLS Listing,,Condo/Co-op,338 Main St Unit 4A,San Francisco,CA,94105,1698000,2,2.0,South Beach,1379,,2016,7,1231,1217,Active,,,http://www.redfin.com/CA/San-Francisco/338-Main-St-94105/unit-4A/home/109687145,San Francisco MLS,506496,N,Y,37.7886733,-122.3914178
MLS Listing,,Condo/Co-op,1221 Harrison St #26,San Francisco,CA,94103,899000,1,2.0,South of Market,1316,,2004,7,683,681,Active,,,http://www.redfin.com/CA/San-Francisco/1221-Harrison-St-94103/unit-26/home/1038493,San Francisco MLS,506377,N,Y,37.7731031,-122.4086736
MLS Listing,,Condo/Co-op,701 Pennsylvania Ave #202,San Francisco,CA,94107,735000,1,1.5,Potrero Hill,756,,1999,7,972,500,Active,,,http://www.redfin.com/CA/San-Francisco/701-Pennsylvania-Ave-94107/unit-202/home/2020441,San Francisco MLS,505662,N,Y,37.7573587,-122.3928417
MLS Listing,,Condo/Co-op,355 1st St #2404,San Francisco,CA,94105,1099000,1,1.0,South Beach,795,,2004,7,1382,819,Active,,,http://www.redfin.com/CA/San-Francisco/355-1st-St-94105/unit-2404/home/25657601,San Francisco MLS,504408,N,Y,37.7868803,-122.3934978
MLS Listing,,Condo/Co-op,161 Gilbert St #11,San Francisco,CA,94103,779000,1,1.0,South of Market,863,,1995,7,903,664,Active,,,http://www.redfin.com/CA/San-Francisco/161-Gilbert-St-94103/unit-11/home/12396391,San Francisco MLS,506437,N,Y,37.7730892,-122.4017629
MLS Listing,,Multi-Family (2-4 Unit),2845 Ingalls St,San Francisco,CA,94124,1549000,7,3.0,San Francisco,3369,3000,1910,8,460,,Active,,,http://www.redfin.com/CA/San-Francisco/2845-Ingalls-St-94124/home/173221256,"bridgeMLS, Bay East AOR, or Contra Costa AOR",40921626,N,Y,37.721027,-122.3910416
MLS Listing,,Multi-Family (2-4 Unit),1490 20th Ave,SAN FRANCISCO,CA,94122,2475000,,,SAN FRANCISCO,3590,2374,1988,8,689,,Active,,,http://www.redfin.com/CA/San-Francisco/1490-20th-Ave-94122/home/2000080,MLSListings,ML81811663,N,Y,37.7600257,-122.477782
MLS Listing,,Single Family Residential,1063 Powhattan Ave,San Francisco,CA,94110,1449000,3,1.5,Bernal Heights,1656,,1960,8,875,,Active,,,http://www.redfin.com/CA/San-Francisco/1063-Powhattan-Ave-94110/home/1510968,San Francisco MLS,506373,N,Y,37.7414518,-122.4098047
MLS Listing,,Condo/Co-op,1050 North Pt #202,San Francisco,CA,94105,899000,2,1.0,Russian Hill,984,,,8,914,1171,Active,,,http://www.redfin.com/CA/San-Francisco/1050-N-Point-St-94109/unit-202/home/12400479,San Francisco MLS,506138,N,Y,37.8054264,-122.4248135
MLS Listing,,Condo/Co-op,567 27th St #2,San Francisco,CA,94131,1675000,3,2.0,Noe Valley,1600,,1989,8,1047,400,Active,,,http://www.redfin.com/CA/San-Francisco/567-27th-St-94131/unit-2/home/1912575,San Francisco MLS,506480,N,Y,37.7463057,-122.4327517
MLS Listing,,Condo/Co-op,101 Lombard St Unit 712W,San Francisco,CA,94111,1669000,2,2.0,North Waterfront,1719,,1983,8,971,1504,Active,,,http://www.redfin.com/CA/San-Francisco/101-Lombard-St-94111/unit-712W/home/1947344,San Francisco MLS,497198,N,Y,37.8037119,-122.4045338
MLS Listing,,Condo/Co-op,665 Haight St,San Francisco,CA,94117,1195000,2,1.0,Hayes Valley,,,1938,8,,,Active,,,http://www.redfin.com/CA/San-Francisco/665-Haight-St-94117/home/11282388,San Francisco MLS,506197,N,Y,37.7715402,-122.4331169
MLS Listing,,Condo/Co-op,350 Broderick St #416,San Francisco,CA,94117,1295000,2,2.0,North Panhandle,1045,,2007,8,1239,512,Active,,,http://www.redfin.com/CA/San-Francisco/350-Broderick-St-94117/unit-416/home/22890574,San Francisco MLS,506340,N,Y,37.7734397,-122.4387558
MLS Listing,,Condo/Co-op,630 Mason St #802,San Francisco,CA,94108,799000,1,1.0,Downtown,900,,1927,8,888,687,Active,,,http://www.redfin.com/CA/San-Francisco/630-Mason-St-94108/unit-802/home/12392955,San Francisco MLS,506474,N,Y,37.7894484,-122.4100541
MLS Listing,,Single Family Residential,1445 11th Ave,San Francisco,CA,94122,1795000,4,3.0,Inner Sunset,2912,2996,1905,8,616,,Active,,,http://www.redfin.com/CA/San-Francisco/1445-11th-Ave-94122/home/631470,San Francisco MLS,506226,N,Y,37.7611727,-122.4685284
MLS Listing,,Single Family Residential,3733 San Bruno Ave,SAN FRANCISCO,CA,94134,1878000,6,5.0,SAN FRANCISCO,5084,4857,2003,8,369,,Active,,,http://www.redfin.com/CA/San-Francisco/3733-San-Bruno-Ave-94134/home/1206089,MLSListings,ML81811612,N,Y,37.714763,-122.3996713
MLS Listing,,Single Family Residential,540 Elizabeth St,SAN FRANCISCO,CA,94114,2698000,3,2.5,SAN FRANCISCO,2178,2850,1906,8,1239,,Active,,,http://www.redfin.com/CA/San-Francisco/540-Elizabeth-St-94114/home/717755,MLSListings,ML81811610,N,Y,37.7523236,-122.4329443
MLS Listing,,Condo/Co-op,560 Missouri St Unit B,San Francisco,CA,94107,1795000,3,3.5,Potrero Hill,,,2003,8,,250,Active,,,http://www.redfin.com/CA/San-Francisco/560-Missouri-St-94107/unit-B/home/22873155,San Francisco MLS,506429,N,Y,37.7591981,-122.3965293
MLS Listing,,Single Family Residential,,San Francisco,CA,94115,22500000,7,7.0,Pacific Heights,9744,4583,1904,8,2309,,Active,,,http://www.redfin.com/CA/San-Francisco/Undisclosed-address-94115/home/2035982,San Francisco MLS,505804,N,Y,37.7934572,-122.4400665
MLS Listing,,Single Family Residential,3878 Jackson St,San Francisco,CA,94118,8495000,4,3.5,Presidio Heights,4609,2548,1906,8,1843,,Active,,,http://www.redfin.com/CA/San-Francisco/3878-Jackson-St-94118/home/1060154,San Francisco MLS,504231,N,Y,37.7896039,-122.4588651
MLS Listing,,Single Family Residential,256 Fowler Ave,San Francisco,CA,94127,1998000,3,3.0,Miraloma Park,1892,3053,1932,8,1056,,Active,,,http://www.redfin.com/CA/San-Francisco/256-Fowler-Ave-94127/home/1933039,San Francisco MLS,506460,N,Y,37.7433188,-122.4520624
